Workbook

Sheet Cases2021 2022 FC
A1: Global Business Unit | B1: FS Greece
A2: Customer Channel Code | B2: Total National1900
A3: Customer Channel Code | B3: All
A4: Product.European Category Hierarchy | B4: All | AG4: 2025
A5: Bom Flag | B5: BOM Header + BOM Single
A6: Date Month View | B6: (Multiple Items) | AG6: 2024 FC based on FY PLAN
AG7: Q1 | AJ7: Q2 | AM7: Q3 | AP7: Q4
A8: Case | D8: Year | E8: Month | AC8: MRDR | AD8: Average 3mhnoy | AE8: Average 6mhnoy | AG8: 1 | AH8: 1 | AI8: 1 | AJ8: 1 | AK8: 1 | AL8: 1 | AM8: 1 | AN8: 1 | AO8: 1 | AP8: 1 | AQ8: 1 | AR8: 1
D9: 2024 | E9: 2024 | F9: 2024 | G9: 2024 | H9: 2024 | I9: 2024 | J9: 2024 | K9: 2024 | L9: 2024 | M9: 2024 | N9: 2024 | O9: 2024 | P9: 2025 | Q9: 2025 | R9: 2025 | S9: 2025 | T9: 2025 | U9: 2025 | V9: 2025 | W9: 2025 | X9: 2025 | Y9: 2025 | Z9: 2025 | AG9: 1 | AH9: 2 | AI9: 3 | AJ9: 4 | AK9: 5 | AL9: 6 | AM9: 7 | AN9: 8 | AO9: 9 | AP9: 10 | AQ9: 11 | AR9: 12
A10: Category | B10: SKU Code | C10: Product Country Specific Language 1 | D10: 1 | E10: 2 | F10: 3 | G10: 4 | H10: 5 | I10: 6 | J10: 7 | K10: 8 | L10: 9 | M10: 10 | N10: 11 | O10: 12 | P10: 1 | Q10: 2 | R10: 3 | S10: 4 | T10: 5 | U10: 6 | V10: 7 | W10: 8 | X10: 9 | Y10: 10 | Z10: 11
A11: CONDIMENT | B11: 000000000010865401 | C11: HELLMANN'S ΝΤΡΕΣΙΝΓΚ ΜΕΛΙ&ΜΟΥΣΤΑΡΔΑ 6Χ1Λ | D11: -1.167 | E11: -19.001 | F11: -0.5 | G11: -2 | H11: -0.167 | I11: 0 | J11: -1.001 | K11: -0.333 | L11: -0.334 | M11: -10.333 | N11: -0.334 | O11: -0.333 | P11: -39.834 | Q11: -53.5 | R11: -0.167 | S11: -4.666 | T11: -75.333 | U11: -14.833 | V11: -15.667 | W11: -39 | X11: -18.999 | Y11: -11 | Z11: -70.334 | AC11: =VALUE(TEXT(B11,0)) -> 10865401 | AD11: {=ROUND(AVERAGE(AP11:AR11/25),0)} -> -1 | AE11: {=ROUND(AVERAGE(AM11:AR11/25),0)} -> -1 | AG11: =ROUND(P11*AG$8,0) -> -40 | AH11: =ROUND(Q11*AH$8,0) -> -54 | AI11: =ROUND(R11*AI$8,0) -> 0 | AJ11: =ROUND(S11*AJ$8,0) -> -5 | AK11: =ROUND(T11*AK$8,0) -> -75 | AL11: =ROUND(U11*AL$8,0) -> -15 | AM11: =ROUND(V11*AM$8,0) -> -16 | AN11: =ROUND(W11*AN$8,0) -> -39 | ... AQ11: =ROUND(Z11*AQ$8,0) -> -70 | AR11: =ROUND(O11*AR$8,0) -> 0
A12: CONDIMENT | B12: 000000000012100503 | C12: HLMNS ΜΑΓΙΟΝΕΖΑ REAL 10Λ | D12: 10335 | E12: 8263 | F12: 8272 | G12: 13188 | H12: 9631 | I12: 12784 | J12: 15546 | K12: 8328 | L12: 11969 | M12: 10561 | N12: 8088 | O12: 9297 | P12: 7433 | Q12: 8773 | R12: 8754 | S12: 10042 | T12: 10593 | U12: 13607 | V12: 14589 | W12: 12043 | X12: 11924 | Y12: 9406 | Z12: 7825 | AC12: =VALUE(TEXT(B12,0)) -> 12100503 | AD12: {=ROUND(AVERAGE(AP12:AR12/25),0)} -> 354 | AE12: {=ROUND(AVERAGE(AM12:AR12/25),0)} -> 434 | AG12: =ROUND(P12*AG$8,0) -> 7433 | AH12: =ROUND(Q12*AH$8,0) -> 8773 | AI12: =ROUND(R12*AI$8,0) -> 8754 | AJ12: =ROUND(S12*AJ$8,0) -> 10042 | AK12: =ROUND(T12*AK$8,0) -> 10593 | AL12: =ROUND(U12*AL$8,0) -> 13607 | AM12: =ROUND(V12*AM$8,0) -> 14589 | AN12: =ROUND(W12*AN$8,0) -> 12043 | ... AQ12: =ROUND(Z12*AQ$8,0) -> 7825 | AR12: =ROUND(O12*AR$8,0) -> 9297
A13: CONDIMENT | B13: 000000000012110202 | C13: HLMNS ΣΑΛΤΣΑ ΚΟΚΤΕΙΛ 3Λ | D13: 115 | E13: 2810 | F13: 1454 | G13: 1678 | H13: 2014 | I13: 1892 | J13: 3054 | K13: 2137 | L13: 1539 | M13: 1489 | N13: 1418 | O13: 1643 | P13: 1631 | Q13: 1307 | R13: 1394 | S13: 305 | T13: 0 | U13: -2 | V13: 0 | X13: 0 | Y13: 0 | AC13: =VALUE(TEXT(B13,0)) -> 12110202 | AD13: {=ROUND(AVERAGE(AP13:AR13/25),0)} -> 22 | AE13: {=ROUND(AVERAGE(AM13:AR13/25),0)} -> 11 | AG13: =ROUND(P13*AG$8,0) -> 1631 | AH13: =ROUND(Q13*AH$8,0) -> 1307 | AI13: =ROUND(R13*AI$8,0) -> 1394 | AJ13: =ROUND(S13*AJ$8,0) -> 305 | AK13: =ROUND(T13*AK$8,0) -> 0 | AL13: =ROUND(U13*AL$8,0) -> -2 | AM13: =ROUND(V13*AM$8,0) -> 0 | AN13: =ROUND(W13*AN$8,0) -> 0 | ... AQ13: =ROUND(Z13*AQ$8,0) -> 0 | AR13: =ROUND(O13*AR$8,0) -> 1643
A14: CONDIMENT | B14: 000000000012110903 | C14: HLMNS ΣΑΛΤΣΑ ΜΟΥΣΤΑΡΔΑΣ 3Λ | D14: 407 | E14: 294 | F14: 476 | G14: 603 | H14: 462 | I14: 510 | J14: 696 | K14: 611 | L14: 361 | M14: 414 | N14: 409 | O14: 542 | P14: 441 | Q14: 403 | R14: 435 | S14: 533 | T14: 470 | U14: 584 | V14: 877 | W14: 397 | X14: 636 | Y14: 463 | Z14: 539 | AC14: =VALUE(TEXT(B14,0)) -> 12110903 | AD14: {=ROUND(AVERAGE(AP14:AR14/25),0)} -> 21 | AE14: {=ROUND(AVERAGE(AM14:AR14/25),0)} -> 23 | AG14: =ROUND(P14*AG$8,0) -> 441 | AH14: =ROUND(Q14*AH$8,0) -> 403 | AI14: =ROUND(R14*AI$8,0) -> 435 | AJ14: =ROUND(S14*AJ$8,0) -> 533 | AK14: =ROUND(T14*AK$8,0) -> 470 | AL14: =ROUND(U14*AL$8,0) -> 584 | AM14: =ROUND(V14*AM$8,0) -> 877 | AN14: =ROUND(W14*AN$8,0) -> 397 | ... AQ14: =ROUND(Z14*AQ$8,0) -> 539 | AR14: =ROUND(O14*AR$8,0) -> 542
A15: CONDIMENT | B15: 000000000012886001 | C15: HLMNS BINΕΓΚΡΕΤ ΒΑΣΙΛΙΚΟΥ FS 6Χ1ΛIT | Q15: -14 | X15: -3 | AC15: =VALUE(TEXT(B15,0)) -> 12886001 | AD15: {=ROUND(AVERAGE(AP15:AR15/25),0)} -> 0 | AE15: {=ROUND(AVERAGE(AM15:AR15/25),0)} -> 0 | AG15: =ROUND(P15*AG$8,0) -> 0 | AH15: =ROUND(Q15*AH$8,0) -> -14 | AI15: =ROUND(R15*AI$8,0) -> 0 | AJ15: =ROUND(S15*AJ$8,0) -> 0 | AK15: =ROUND(T15*AK$8,0) -> 0 | AL15: =ROUND(U15*AL$8,0) -> 0 | AM15: =ROUND(V15*AM$8,0) -> 0 | AN15: =ROUND(W15*AN$8,0) -> 0 | ... AQ15: =ROUND(Z15*AQ$8,0) -> 0 | AR15: =ROUND(O15*AR$8,0) -> 0
A16: CONDIMENT | B16: 000000000012886101 | C16: HELLMANNS ΒΙΝΕΓΚΡΕΤ ΕΣΠΕΡΙΔΟΕΙΔΗ 6Χ1ΛIT | D16: 730 | E16: 900.499 | F16: 958.167 | G16: 1384.166 | H16: 1048.5 | I16: 1514 | J16: 1475.333 | K16: 1110 | L16: 1106.166 | M16: 881 | N16: 796.333 | O16: 849 | P16: 839.833 | Q16: 775.833 | R16: 761 | S16: 1400.833 | T16: 1256.333 | U16: 1526 | V16: 1556.167 | W16: 1088 | X16: 961.833 | Y16: 1169.834 | Z16: 740.666 | AC16: =VALUE(TEXT(B16,0)) -> 12886101 | AD16: {=ROUND(AVERAGE(AP16:AR16/25),0)} -> 37 | AE16: {=ROUND(AVERAGE(AM16:AR16/25),0)} -> 42 | AG16: =ROUND(P16*AG$8,0) -> 840 | AH16: =ROUND(Q16*AH$8,0) -> 776 | AI16: =ROUND(R16*AI$8,0) -> 761 | AJ16: =ROUND(S16*AJ$8,0) -> 1401 | AK16: =ROUND(T16*AK$8,0) -> 1256 | AL16: =ROUND(U16*AL$8,0) -> 1526 | AM16: =ROUND(V16*AM$8,0) -> 1556 | AN16: =ROUND(W16*AN$8,0) -> 1088 | ... AQ16: =ROUND(Z16*AQ$8,0) -> 741 | AR16: =ROUND(O16*AR$8,0) -> 849
A17: CONDIMENT | B17: 000000000013217307 | C17: HELLMANNS ΑΝΑΠΛΗΡΩΜΑ ΜΑΓΙΟΝΕΖΑΣ 1Χ5Λ | E17: -113 | J17: -3 | L17: -6 | M17: 0 | O17: 0 | T17: -1 | Y17: -1 | AC17: =VALUE(TEXT(B17,0)) -> 13217307 | AD17: {=ROUND(AVERAGE(AP17:AR17/25),0)} -> 0 | AE17: {=ROUND(AVERAGE(AM17:AR17/25),0)} -> 0 | AG17: =ROUND(P17*AG$8,0) -> 0 | AH17: =ROUND(Q17*AH$8,0) -> 0 | AI17: =ROUND(R17*AI$8,0) -> 0 | AJ17: =ROUND(S17*AJ$8,0) -> 0 | AK17: =ROUND(T17*AK$8,0) -> -1 | AL17: =ROUND(U17*AL$8,0) -> 0 | AM17: =ROUND(V17*AM$8,0) -> 0 | AN17: =ROUND(W17*AN$8,0) -> 0 | ... AQ17: =ROUND(Z17*AQ$8,0) -> 0 | AR17: =ROUND(O17*AR$8,0) -> 0
A18: CONDIMENT | B18: 000000000015653102 | C18: MAILLE WHOLEGRAIN ΜΟΥΣΤΑΡΔΑ 6X210ΓΡ | D18: 10 | E18: 11 | F18: 32 | G18: 22 | H18: 34 | I18: 3 | J18: 10 | K18: 7 | L18: 12 | M18: 7 | N18: 8 | O18: 8 | P18: 15 | Q18: 8 | R18: 23 | S18: 17 | T18: 28 | U18: 20 | V18: 5 | W18: 14 | X18: 13 | Y18: 18 | Z18: 4 | AC18: =VALUE(TEXT(B18,0)) -> 15653102 | AD18: {=ROUND(AVERAGE(AP18:AR18/25),0)} -> 0 | AE18: {=ROUND(AVERAGE(AM18:AR18/25),0)} -> 0 | AG18: =ROUND(P18*AG$8,0) -> 15 | AH18: =ROUND(Q18*AH$8,0) -> 8 | AI18: =ROUND(R18*AI$8,0) -> 23 | AJ18: =ROUND(S18*AJ$8,0) -> 17 | AK18: =ROUND(T18*AK$8,0) -> 28 | AL18: =ROUND(U18*AL$8,0) -> 20 | AM18: =ROUND(V18*AM$8,0) -> 5 | AN18: =ROUND(W18*AN$8,0) -> 14 | ... AQ18: =ROUND(Z18*AQ$8,0) -> 4 | AR18: =ROUND(O18*AR$8,0) -> 8
A19: CONDIMENT | B19: 000000000015655003 | C19: MAILLE ΜΟΥΣΤΑΡΔΑ DIJON ORIGINALE 6X215 Γ | E19: 5 | F19: 43 | G19: 12 | H19: 28 | I19: 2 | J19: 6 | K19: 12 | L19: 9 | R19: 7 | S19: 7 | T19: 19 | U19: 2 | AC19: =VALUE(TEXT(B19,0)) -> 15655003 | AD19: {=ROUND(AVERAGE(AP19:AR19/25),0)} -> 0 | AE19: {=ROUND(AVERAGE(AM19:AR19/25),0)} -> 0 | AG19: =ROUND(P19*AG$8,0) -> 0 | AH19: =ROUND(Q19*AH$8,0) -> 0 | AI19: =ROUND(R19*AI$8,0) -> 7 | AJ19: =ROUND(S19*AJ$8,0) -> 7 | AK19: =ROUND(T19*AK$8,0) -> 19 | AL19: =ROUND(U19*AL$8,0) -> 2 | AM19: =ROUND(V19*AM$8,0) -> 0 | AN19: =ROUND(W19*AN$8,0) -> 0 | ... AQ19: =ROUND(Z19*AQ$8,0) -> 0 | AR19: =ROUND(O19*AR$8,0) -> 0
A20: CONDIMENT | B20: 000000000015940702 | C20: HLMNS ΑΠΑΛΗ ΜΟΥΣΤΑΡΔΑ 4,8ΚΙΛ | D20: 5270 | E20: 5074 | F20: 5247 | G20: 7861 | H20: 7197 | I20: 6471 | J20: 4380 | L20: 0 | M20: 0 | O20: 0 | AC20: =VALUE(TEXT(B20,0)) -> 15940702 | AD20: {=ROUND(AVERAGE(AP20:AR20/25),0)} -> 0 | AE20: {=ROUND(AVERAGE(AM20:AR20/25),0)} -> 0 | AG20: =ROUND(P20*AG$8,0) -> 0 | AH20: =ROUND(Q20*AH$8,0) -> 0 | AI20: =ROUND(R20*AI$8,0) -> 0 | AJ20: =ROUND(S20*AJ$8,0) -> 0 | AK20: =ROUND(T20*AK$8,0) -> 0 | AL20: =ROUND(U20*AL$8,0) -> 0 | AM20: =ROUND(V20*AM$8,0) -> 0 | AN20: =ROUND(W20*AN$8,0) -> 0 | ... AQ20: =ROUND(Z20*AQ$8,0) -> 0 | AR20: =ROUND(O20*AR$8,0) -> 0
A21: CONDIMENT | B21: 000000000016151003 | C21: HELLMANN'S ΜΑΓΙΟΝΕΖΑ LIGHT 12X450ML | X21: 2 | AC21: =VALUE(TEXT(B21,0)) -> 16151003 | AD21: {=ROUND(AVERAGE(AP21:AR21/25),0)} -> 0 | AE21: {=ROUND(AVERAGE(AM21:AR21/25),0)} -> 0 | AG21: =ROUND(P21*AG$8,0) -> 0 | AH21: =ROUND(Q21*AH$8,0) -> 0 | AI21: =ROUND(R21*AI$8,0) -> 0 | AJ21: =ROUND(S21*AJ$8,0) -> 0 | AK21: =ROUND(T21*AK$8,0) -> 0 | AL21: =ROUND(U21*AL$8,0) -> 0 | AM21: =ROUND(V21*AM$8,0) -> 0 | AN21: =ROUND(W21*AN$8,0) -> 0 | ... AQ21: =ROUND(Z21*AQ$8,0) -> 0 | AR21: =ROUND(O21*AR$8,0) -> 0
A22: CONDIMENT | B22: 000000000017052404 | C22: HELLMANN'S ΝΤΡΕΣΙΝΓΚ BΑΛΣΑΜΙΚΟ 6Χ1Λ | E22: -0.167 | F22: -0.333 | G22: -7.333 | H22: -5 | I22: -4 | J22: -8.334 | K22: -2 | L22: -20 | M22: -14.667 | N22: -1.333 | O22: -6.166 | P22: -9.668 | Q22: -4.333 | R22: -0.334 | S22: -28.167 | T22: -28.501 | U22: -2.667 | V22: -15.5 | W22: -14.001 | X22: -7.833 | Y22: -0.5 | Z22: -1.334 | AC22: =VALUE(TEXT(B22,0)) -> 17052404 | AD22: {=ROUND(AVERAGE(AP22:AR22/25),0)} -> 0 | AE22: {=ROUND(AVERAGE(AM22:AR22/25),0)} -> 0 | AG22: =ROUND(P22*AG$8,0) -> -10 | AH22: =ROUND(Q22*AH$8,0) -> -4 | AI22: =ROUND(R22*AI$8,0) -> 0 | AJ22: =ROUND(S22*AJ$8,0) -> -28 | AK22: =ROUND(T22*AK$8,0) -> -29 | AL22: =ROUND(U22*AL$8,0) -> -3 | AM22: =ROUND(V22*AM$8,0) -> -16 | AN22: =ROUND(W22*AN$8,0) -> -14 | ... AQ22: =ROUND(Z22*AQ$8,0) -> -1 | AR22: =ROUND(O22*AR$8,0) -> -6
A23: CONDIMENT | B23: 000000000017160703 | C23: HELLMAN'S ΜΑΓΙΟΝΕΖΑ 6Χ2 ΛΙΤΡΑ | D23: 0 | E23: -1.666 | F23: -1 | G23: -1.334 | H23: -1.833 | I23: -0.334 | J23: -0.501 | K23: -0.667 | L23: -2.166 | M23: -1.168 | N23: -1.667 | O23: -1 | P23: -1.001 | Q23: -5.334 | R23: -1.5 | S23: -1.166 | T23: -1.167 | U23: -0.333 | V23: -1.334 | W23: -1.332 | X23: -1.667 | Y23: -0.167 | Z23: -1.168 | AC23: =VALUE(TEXT(B23,0)) -> 17160703 | AD23: {=ROUND(AVERAGE(AP23:AR23/25),0)} -> 0 | AE23: {=ROUND(AVERAGE(AM23:AR23/25),0)} -> 0 | AG23: =ROUND(P23*AG$8,0) -> -1 | AH23: =ROUND(Q23*AH$8,0) -> -5 | AI23: =ROUND(R23*AI$8,0) -> -2 | AJ23: =ROUND(S23*AJ$8,0) -> -1 | AK23: =ROUND(T23*AK$8,0) -> -1 | AL23: =ROUND(U23*AL$8,0) -> 0 | AM23: =ROUND(V23*AM$8,0) -> -1 | AN23: =ROUND(W23*AN$8,0) -> -1 | ... AQ23: =ROUND(Z23*AQ$8,0) -> -1 | AR23: =ROUND(O23*AR$8,0) -> -1
A24: CONDIMENT | B24: 000000000017338101 | C24: HELLMANN’S REAL ΜΑΓΙΟΝΕΖΑ 12Χ650 ML | D24: 5 | E24: 5 | AC24: =VALUE(TEXT(B24,0)) -> 17338101 | AD24: {=ROUND(AVERAGE(AP24:AR24/25),0)} -> 0 | AE24: {=ROUND(AVERAGE(AM24:AR24/25),0)} -> 0 | AG24: =ROUND(P24*AG$8,0) -> 0 | AH24: =ROUND(Q24*AH$8,0) -> 0 | AI24: =ROUND(R24*AI$8,0) -> 0 | AJ24: =ROUND(S24*AJ$8,0) -> 0 | AK24: =ROUND(T24*AK$8,0) -> 0 | AL24: =ROUND(U24*AL$8,0) -> 0 | AM24: =ROUND(V24*AM$8,0) -> 0 | AN24: =ROUND(W24*AN$8,0) -> 0 | ... AQ24: =ROUND(Z24*AQ$8,0) -> 0 | AR24: =ROUND(O24*AR$8,0) -> 0
A25: CONDIMENT | B25: 000000000018900805 | C25: HELLMANN'S 1000 ΝΗΣΙΑ DRESSING 4X3LT | D25: -0.25 | E25: -8.25 | F25: -0.5 | G25: -2.75 | H25: -5.25 | I25: -5.75 | J25: -4 | L25: -0.5 | M25: 0 | O25: 0 | Q25: -1 | S25: 0 | T25: -0.25 | V25: 0 | AC25: =VALUE(TEXT(B25,0)) -> 18900805 | AD25: {=ROUND(AVERAGE(AP25:AR25/25),0)} -> 0 | AE25: {=ROUND(AVERAGE(AM25:AR25/25),0)} -> 0 | AG25: =ROUND(P25*AG$8,0) -> 0 | AH25: =ROUND(Q25*AH$8,0) -> -1 | AI25: =ROUND(R25*AI$8,0) -> 0 | AJ25: =ROUND(S25*AJ$8,0) -> 0 | AK25: =ROUND(T25*AK$8,0) -> 0 | AL25: =ROUND(U25*AL$8,0) -> 0 | AM25: =ROUND(V25*AM$8,0) -> 0 | AN25: =ROUND(W25*AN$8,0) -> 0 | ... AQ25: =ROUND(Z25*AQ$8,0) -> 0 | AR25: =ROUND(O25*AR$8,0) -> 0
A26: CONDIMENT | B26: 000000000019485901 | C26: HELLMANN’S ΜΟΥΣΤΑΡΔΑ ΜΙΝΙ ΒΑΖ. 1X80X33ML | D26: 15 | E26: 37 | F26: 73 | G26: 170 | H26: 332 | I26: 126 | J26: 198 | K26: 153 | L26: 70 | M26: 37 | N26: 2 | O26: 3 | P26: 7 | Q26: 29 | R26: 73 | X26: 0 | AC26: =VALUE(TEXT(B26,0)) -> 19485901 | AD26: {=ROUND(AVERAGE(AP26:AR26/25),0)} -> 0 | AE26: {=ROUND(AVERAGE(AM26:AR26/25),0)} -> 0 | AG26: =ROUND(P26*AG$8,0) -> 7 | AH26: =ROUND(Q26*AH$8,0) -> 29 | AI26: =ROUND(R26*AI$8,0) -> 73 | AJ26: =ROUND(S26*AJ$8,0) -> 0 | AK26: =ROUND(T26*AK$8,0) -> 0 | AL26: =ROUND(U26*AL$8,0) -> 0 | AM26: =ROUND(V26*AM$8,0) -> 0 | AN26: =ROUND(W26*AN$8,0) -> 0 | ... AQ26: =ROUND(Z26*AQ$8,0) -> 0 | AR26: =ROUND(O26*AR$8,0) -> 3
A27: CONDIMENT | B27: 000000000019486001 | C27: HELLMANN’S ΚΕΤΣΑΠ MINI ΒΑΖ. 1X80X33ML | E27: 93 | F27: 166 | G27: 416 | H27: 566 | I27: 362 | J27: 806 | K27: 487 | L27: 243 | M27: 102 | N27: 14 | O27: 31 | P27: 14 | Q27: 85 | R27: 18 | X27: 0 | AC27: =VALUE(TEXT(B27,0)) -> 19486001 | AD27: {=ROUND(AVERAGE(AP27:AR27/25),0)} -> 0 | AE27: {=ROUND(AVERAGE(AM27:AR27/25),0)} -> 0 | AG27: =ROUND(P27*AG$8,0) -> 14 | AH27: =ROUND(Q27*AH$8,0) -> 85 | AI27: =ROUND(R27*AI$8,0) -> 18 | AJ27: =ROUND(S27*AJ$8,0) -> 0 | AK27: =ROUND(T27*AK$8,0) -> 0 | AL27: =ROUND(U27*AL$8,0) -> 0 | AM27: =ROUND(V27*AM$8,0) -> 0 | AN27: =ROUND(W27*AN$8,0) -> 0 | ... AQ27: =ROUND(Z27*AQ$8,0) -> 0 | AR27: =ROUND(O27*AR$8,0) -> 31
A28: CONDIMENT | B28: 000000000019854501 | C28: HELLMANN'S ΜΟΥΣΤAΡΔΑ ΑΠΑΛΗ ΤΟΠΝΤ 12Χ265Γ | G28: 5 | J28: 4 | L28: 1 | Q28: 20 | AC28: =VALUE(TEXT(B28,0)) -> 19854501 | AD28: {=ROUND(AVERAGE(AP28:AR28/25),0)} -> 0 | AE28: {=ROUND(AVERAGE(AM28:AR28/25),0)} -> 0 | AG28: =ROUND(P28*AG$8,0) -> 0 | AH28: =ROUND(Q28*AH$8,0) -> 20 | AI28: =ROUND(R28*AI$8,0) -> 0 | AJ28: =ROUND(S28*AJ$8,0) -> 0 | AK28: =ROUND(T28*AK$8,0) -> 0 | AL28: =ROUND(U28*AL$8,0) -> 0 | AM28: =ROUND(V28*AM$8,0) -> 0 | AN28: =ROUND(W28*AN$8,0) -> 0 | ... AQ28: =ROUND(Z28*AQ$8,0) -> 0 | AR28: =ROUND(O28*AR$8,0) -> 0
A29: CONDIMENT | B29: 64773377 | C29: HLMNS ΜΑΓΙΟΝΕΖΑ REAL 5Λ | D29: 11910 | E29: 10133 | F29: 13605 | G29: 20431 | H29: 16561 | I29: 14058 | J29: -2 | L29: -1 | M29: 0 | O29: 0 | AC29: =VALUE(TEXT(B29,0)) -> 64773377 | AD29: {=ROUND(AVERAGE(AP29:AR29/25),0)} -> 0 | AE29: {=ROUND(AVERAGE(AM29:AR29/25),0)} -> 0 | AG29: =ROUND(P29*AG$8,0) -> 0 | AH29: =ROUND(Q29*AH$8,0) -> 0 | AI29: =ROUND(R29*AI$8,0) -> 0 | AJ29: =ROUND(S29*AJ$8,0) -> 0 | AK29: =ROUND(T29*AK$8,0) -> 0 | AL29: =ROUND(U29*AL$8,0) -> 0 | AM29: =ROUND(V29*AM$8,0) -> 0 | AN29: =ROUND(W29*AN$8,0) -> 0 | ... AQ29: =ROUND(Z29*AQ$8,0) -> 0 | AR29: =ROUND(O29*AR$8,0) -> 0
A30: CONDIMENT | B30: 000000000022110402 | C30: HLMNS ΣΑΛΤΣΑ ΜΕ ΓΕΥΣΗ ΓΙΑΟΥΡΤΙΟΥ 3Λ | E30: -9 | I30: 0 | L30: 0 | M30: 0 | O30: 0 | AC30: =VALUE(TEXT(B30,0)) -> 22110402 | AD30: {=ROUND(AVERAGE(AP30:AR30/25),0)} -> 0 | AE30: {=ROUND(AVERAGE(AM30:AR30/25),0)} -> 0 | AG30: =ROUND(P30*AG$8,0) -> 0 | AH30: =ROUND(Q30*AH$8,0) -> 0 | AI30: =ROUND(R30*AI$8,0) -> 0 | AJ30: =ROUND(S30*AJ$8,0) -> 0 | AK30: =ROUND(T30*AK$8,0) -> 0 | AL30: =ROUND(U30*AL$8,0) -> 0 | AM30: =ROUND(V30*AM$8,0) -> 0 | AN30: =ROUND(W30*AN$8,0) -> 0 | ... AQ30: =ROUND(Z30*AQ$8,0) -> 0 | AR30: =ROUND(O30*AR$8,0) -> 0
A31: CONDIMENT | B31: 000000000028000701 | C31: HELLMANN'S ΣΙΖΑΡΣ DRESSING 3X3 lt. | D31: 4397.667 | E31: 4342.001 | F31: 4665.333 | G31: 4640.334 | H31: 8748.667 | I31: 8076.668 | J31: 8172.333 | K31: 6551.334 | L31: 5030.334 | M31: 5121 | N31: 4063.334 | O31: 4105.667 | P31: 4325 | Q31: 3743.333 | R31: 5181.334 | S31: 5582.333 | T31: 6417.334 | U31: 8078.333 | V31: 9901.667 | W31: 7329.001 | X31: 5118 | Y31: 4479 | Z31: 4129.667 | AC31: =VALUE(TEXT(B31,0)) -> 28000701 | AD31: {=ROUND(AVERAGE(AP31:AR31/25),0)} -> 170 | AE31: {=ROUND(AVERAGE(AM31:AR31/25),0)} -> 234 | AG31: =ROUND(P31*AG$8,0) -> 4325 | AH31: =ROUND(Q31*AH$8,0) -> 3743 | AI31: =ROUND(R31*AI$8,0) -> 5181 | AJ31: =ROUND(S31*AJ$8,0) -> 5582 | AK31: =ROUND(T31*AK$8,0) -> 6417 | AL31: =ROUND(U31*AL$8,0) -> 8078 | AM31: =ROUND(V31*AM$8,0) -> 9902 | AN31: =ROUND(W31*AN$8,0) -> 7329 | ... AQ31: =ROUND(Z31*AQ$8,0) -> 4130 | AR31: =ROUND(O31*AR$8,0) -> 4106
A32: CONDIMENT | B32: 000000000031132401 | C32: HELLMANN'S ΑΠΑΛΗ ΜΟΥΣΤΑΡΔΑ 12X500 ΓΡ | D32: 26 | E32: 23 | F32: 69 | G32: 86 | H32: 2 | I32: 61 | J32: 89 | K32: -21 | L32: 46 | M32: 28 | N32: 21 | O32: 17 | P32: 18 | Q32: 25 | R32: 17 | S32: 74 | T32: 30 | U32: 55 | V32: 40 | W32: 14 | X32: 13 | Y32: 19 | Z32: 18 | AC32: =VALUE(TEXT(B32,0)) -> 31132401 | AD32: {=ROUND(AVERAGE(AP32:AR32/25),0)} -> 1 | AE32: {=ROUND(AVERAGE(AM32:AR32/25),0)} -> 1 | AG32: =ROUND(P32*AG$8,0) -> 18 | AH32: =ROUND(Q32*AH$8,0) -> 25 | AI32: =ROUND(R32*AI$8,0) -> 17 | AJ32: =ROUND(S32*AJ$8,0) -> 74 | AK32: =ROUND(T32*AK$8,0) -> 30 | AL32: =ROUND(U32*AL$8,0) -> 55 | AM32: =ROUND(V32*AM$8,0) -> 40 | AN32: =ROUND(W32*AN$8,0) -> 14 | ... AQ32: =ROUND(Z32*AQ$8,0) -> 18 | AR32: =ROUND(O32*AR$8,0) -> 17
A33: CONDIMENT | B33: 000000000031132501 | C33: HELLMANN'S ΠΙΚΑΝΤΙΚΗ ΜΟΥΣΤΑΡΔ 12Χ250ΓΡ | J33: 1 | AC33: =VALUE(TEXT(B33,0)) -> 31132501 | AD33: {=ROUND(AVERAGE(AP33:AR33/25),0)} -> 0 | AE33: {=ROUND(AVERAGE(AM33:AR33/25),0)} -> 0 | AG33: =ROUND(P33*AG$8,0) -> 0 | AH33: =ROUND(Q33*AH$8,0) -> 0 | AI33: =ROUND(R33*AI$8,0) -> 0 | AJ33: =ROUND(S33*AJ$8,0) -> 0 | AK33: =ROUND(T33*AK$8,0) -> 0 | AL33: =ROUND(U33*AL$8,0) -> 0 | AM33: =ROUND(V33*AM$8,0) -> 0 | AN33: =ROUND(W33*AN$8,0) -> 0 | ... AQ33: =ROUND(Z33*AQ$8,0) -> 0 | AR33: =ROUND(O33*AR$8,0) -> 0
A34: CONDIMENT | B34: 000000000031132601 | C34: HELLMANN'S ΠΙΚΑΝΤΙΚΗ ΜΟΥΣΤΑΡΔ 12Χ500ΓΡ | F34: 4 | M34: 2 | O34: 2 | S34: 2 | X34: 1 | Z34: 2 | AC34: =VALUE(TEXT(B34,0)) -> 31132601 | AD34: {=ROUND(AVERAGE(AP34:AR34/25),0)} -> 0 | AE34: {=ROUND(AVERAGE(AM34:AR34/25),0)} -> 0 | AG34: =ROUND(P34*AG$8,0) -> 0 | AH34: =ROUND(Q34*AH$8,0) -> 0 | AI34: =ROUND(R34*AI$8,0) -> 0 | AJ34: =ROUND(S34*AJ$8,0) -> 2 | AK34: =ROUND(T34*AK$8,0) -> 0 | AL34: =ROUND(U34*AL$8,0) -> 0 | AM34: =ROUND(V34*AM$8,0) -> 0 | AN34: =ROUND(W34*AN$8,0) -> 0 | ... AQ34: =ROUND(Z34*AQ$8,0) -> 2 | AR34: =ROUND(O34*AR$8,0) -> 2
A35: CONDIMENT | B35: 000000000036010201 | C35: HELLMANN'S ΚΕΤΣΑΠ 3Χ4,8 ΚΙΛΑ | D35: 2422 | E35: 1681.001 | F35: 2269 | G35: 3448 | H35: 3126.333 | I35: 3310 | J35: 4178.334 | K35: 3097.333 | L35: 3171.667 | M35: 2300.001 | N35: 1470.667 | O35: 2307 | P35: 1702 | Q35: 2241.667 | R35: 2502.334 | S35: 3100.667 | T35: 3549.001 | U35: 3002 | V35: 212.334 | W35: -0.667 | X35: -0.667 | Y35: -0.999 | AC35: =VALUE(TEXT(B35,0)) -> 36010201 | AD35: {=ROUND(AVERAGE(AP35:AR35/25),0)} -> 31 | AE35: {=ROUND(AVERAGE(AM35:AR35/25),0)} -> 17 | AG35: =ROUND(P35*AG$8,0) -> 1702 | AH35: =ROUND(Q35*AH$8,0) -> 2242 | AI35: =ROUND(R35*AI$8,0) -> 2502 | AJ35: =ROUND(S35*AJ$8,0) -> 3101 | AK35: =ROUND(T35*AK$8,0) -> 3549 | AL35: =ROUND(U35*AL$8,0) -> 3002 | AM35: =ROUND(V35*AM$8,0) -> 212 | AN35: =ROUND(W35*AN$8,0) -> -1 | ... AQ35: =ROUND(Z35*AQ$8,0) -> 0 | AR35: =ROUND(O35*AR$8,0) -> 2307
A36: CONDIMENT | B36: 000000000039495401 | C36: HELLMANN’S ΜΑΓΙΟΝΕΖΑ ΜΙΝΙ ΒΑΖ. 1X80X33ML | D36: 5 | E36: 96 | F36: 318 | G36: 309 | H36: 492 | I36: 357 | J36: 566 | K36: 328 | L36: 143 | M36: 56 | N36: 5 | O36: 34 | P36: 3 | Q36: 90 | R36: 163 | X36: 0 | AC36: =VALUE(TEXT(B36,0)) -> 39495401 | AD36: {=ROUND(AVERAGE(AP36:AR36/25),0)} -> 0 | AE36: {=ROUND(AVERAGE(AM36:AR36/25),0)} -> 0 | AG36: =ROUND(P36*AG$8,0) -> 3 | AH36: =ROUND(Q36*AH$8,0) -> 90 | AI36: =ROUND(R36*AI$8,0) -> 163 | AJ36: =ROUND(S36*AJ$8,0) -> 0 | AK36: =ROUND(T36*AK$8,0) -> 0 | AL36: =ROUND(U36*AL$8,0) -> 0 | AM36: =ROUND(V36*AM$8,0) -> 0 | AN36: =ROUND(W36*AN$8,0) -> 0 | ... AQ36: =ROUND(Z36*AQ$8,0) -> 0 | AR36: =ROUND(O36*AR$8,0) -> 34
A37: CONDIMENT | B37: 000000000046033501 | C37: HELLMANN'S DIJONNAISE 12X240 ΓΡ | E37: 10 | F37: 17 | G37: 6 | H37: 10 | I37: 5 | J37: 26 | K37: 31 | M37: 14 | N37: 14 | O37: 14 | P37: 22 | Q37: 18 | R37: 16 | S37: 26 | T37: 12 | U37: 12 | V37: 25 | W37: 43 | X37: -11 | Y37: 13 | Z37: 13 | AC37: =VALUE(TEXT(B37,0)) -> 46033501 | AD37: {=ROUND(AVERAGE(AP37:AR37/25),0)} -> 1 | AE37: {=ROUND(AVERAGE(AM37:AR37/25),0)} -> 1 | AG37: =ROUND(P37*AG$8,0) -> 22 | AH37: =ROUND(Q37*AH$8,0) -> 18 | AI37: =ROUND(R37*AI$8,0) -> 16 | AJ37: =ROUND(S37*AJ$8,0) -> 26 | AK37: =ROUND(T37*AK$8,0) -> 12 | AL37: =ROUND(U37*AL$8,0) -> 12 | AM37: =ROUND(V37*AM$8,0) -> 25 | AN37: =ROUND(W37*AN$8,0) -> 43 | ... AQ37: =ROUND(Z37*AQ$8,0) -> 13 | AR37: =ROUND(O37*AR$8,0) -> 14
A38: CONDIMENT | B38: 000000000062678655 | C38: HELLMANN’S REAL MAΓΙΟΝΕΖΑ ΤΟΠΝΤΑ 6X750ML | K38: 1 | L38: 1 | AC38: =VALUE(TEXT(B38,0)) -> 62678655 | AD38: {=ROUND(AVERAGE(AP38:AR38/25),0)} -> 0 | AE38: {=ROUND(AVERAGE(AM38:AR38/25),0)} -> 0 | AG38: =ROUND(P38*AG$8,0) -> 0 | AH38: =ROUND(Q38*AH$8,0) -> 0 | AI38: =ROUND(R38*AI$8,0) -> 0 | AJ38: =ROUND(S38*AJ$8,0) -> 0 | AK38: =ROUND(T38*AK$8,0) -> 0 | AL38: =ROUND(U38*AL$8,0) -> 0 | AM38: =ROUND(V38*AM$8,0) -> 0 | AN38: =ROUND(W38*AN$8,0) -> 0 | ... AQ38: =ROUND(Z38*AQ$8,0) -> 0 | AR38: =ROUND(O38*AR$8,0) -> 0
A39: CONDIMENT | B39: 000000000062724322 | C39: HELLMANN'S ΚΕΤΣΑΠ ΚΛΑΣΣΙΚΗ TD 12X550 ΓΡ | H39: 10 | I39: 5 | K39: 5 | P39: 5 | Q39: 51 | S39: 10 | U39: 10 | AC39: =VALUE(TEXT(B39,0)) -> 62724322 | AD39: {=ROUND(AVERAGE(AP39:AR39/25),0)} -> 0 | AE39: {=ROUND(AVERAGE(AM39:AR39/25),0)} -> 0 | AG39: =ROUND(P39*AG$8,0) -> 5 | AH39: =ROUND(Q39*AH$8,0) -> 51 | AI39: =ROUND(R39*AI$8,0) -> 0 | AJ39: =ROUND(S39*AJ$8,0) -> 10 | AK39: =ROUND(T39*AK$8,0) -> 0 | AL39: =ROUND(U39*AL$8,0) -> 10 | AM39: =ROUND(V39*AM$8,0) -> 0 | AN39: =ROUND(W39*AN$8,0) -> 0 | ... AQ39: =ROUND(Z39*AQ$8,0) -> 0 | AR39: =ROUND(O39*AR$8,0) -> 0
A40: CONDIMENT | B40: 000000000062739289 | C40: MAILLE DIJONNAISE 6X185 ΓΡ | K40: 5 | AC40: =VALUE(TEXT(B40,0)) -> 62739289 | AD40: {=ROUND(AVERAGE(AP40:AR40/25),0)} -> 0 | AE40: {=ROUND(AVERAGE(AM40:AR40/25),0)} -> 0 | AG40: =ROUND(P40*AG$8,0) -> 0 | AH40: =ROUND(Q40*AH$8,0) -> 0 | AI40: =ROUND(R40*AI$8,0) -> 0 | AJ40: =ROUND(S40*AJ$8,0) -> 0 | AK40: =ROUND(T40*AK$8,0) -> 0 | AL40: =ROUND(U40*AL$8,0) -> 0 | AM40: =ROUND(V40*AM$8,0) -> 0 | AN40: =ROUND(W40*AN$8,0) -> 0 | ... AQ40: =ROUND(Z40*AQ$8,0) -> 0 | AR40: =ROUND(O40*AR$8,0) -> 0
A41: CONDIMENT | B41: 000000000062748741 | C41: HELLMANN’S PROFESSIONAL 1X5Λ | G41: 1300 | H41: 1479 | I41: 1912 | J41: 1575 | K41: 2253 | L41: 1657 | M41: 1802 | N41: 2040 | O41: 2245 | P41: 1436 | Q41: 1772 | R41: 2244 | S41: 1948 | T41: 3712 | U41: 114 | V41: 0 | X41: 0 | Z41: -9 | AC41: =VALUE(TEXT(B41,0)) -> 62748741 | AD41: {=ROUND(AVERAGE(AP41:AR41/25),0)} -> 30 | AE41: {=ROUND(AVERAGE(AM41:AR41/25),0)} -> 15 | AG41: =ROUND(P41*AG$8,0) -> 1436 | AH41: =ROUND(Q41*AH$8,0) -> 1772 | AI41: =ROUND(R41*AI$8,0) -> 2244 | AJ41: =ROUND(S41*AJ$8,0) -> 1948 | AK41: =ROUND(T41*AK$8,0) -> 3712 | AL41: =ROUND(U41*AL$8,0) -> 114 | AM41: =ROUND(V41*AM$8,0) -> 0 | AN41: =ROUND(W41*AN$8,0) -> 0 | ... AQ41: =ROUND(Z41*AQ$8,0) -> -9 | AR41: =ROUND(O41*AR$8,0) -> 2245
A42: CONDIMENT | B42: 000000000062751906 | C42: HELLMAN'S ΜΑΓΙΟΝΕΖΑ 1Χ2 ΛΙΤΡΑ BUC | G42: 1022 | H42: 1116 | I42: 2095 | J42: 1736 | K42: 1295 | L42: 1515 | M42: 1308 | N42: 1159 | O42: 841 | P42: 1458 | Q42: 956 | R42: 1035 | S42: 1576 | T42: 1358 | U42: 1750 | V42: 1676 | W42: 1932 | X42: 1362 | Y42: 1369 | Z42: 1156 | AC42: =VALUE(TEXT(B42,0)) -> 62751906 | AD42: {=ROUND(AVERAGE(AP42:AR42/25),0)} -> 45 | AE42: {=ROUND(AVERAGE(AM42:AR42/25),0)} -> 56 | AG42: =ROUND(P42*AG$8,0) -> 1458 | AH42: =ROUND(Q42*AH$8,0) -> 956 | AI42: =ROUND(R42*AI$8,0) -> 1035 | AJ42: =ROUND(S42*AJ$8,0) -> 1576 | AK42: =ROUND(T42*AK$8,0) -> 1358 | AL42: =ROUND(U42*AL$8,0) -> 1750 | AM42: =ROUND(V42*AM$8,0) -> 1676 | AN42: =ROUND(W42*AN$8,0) -> 1932 | ... AQ42: =ROUND(Z42*AQ$8,0) -> 1156 | AR42: =ROUND(O42*AR$8,0) -> 841
A43: CONDIMENT | B43: 000000000062765970 | C43: HELLMANN’S ΜΑΓΙΟΝΕΖΑ ΜΕ ΤΡΟΥΦΑ 8X250 ML | F43: 90 | G43: 76 | H43: 107 | I43: 75 | J43: 97 | K43: 120 | L43: 38 | M43: 75 | N43: 83 | O43: 90 | P43: 105 | Q43: 105 | R43: 30 | S43: 91 | T43: 75 | U43: 105 | V43: 30 | AC43: =VALUE(TEXT(B43,0)) -> 62765970 | AD43: {=ROUND(AVERAGE(AP43:AR43/25),0)} -> 1 | AE43: {=ROUND(AVERAGE(AM43:AR43/25),0)} -> 1 | AG43: =ROUND(P43*AG$8,0) -> 105 | AH43: =ROUND(Q43*AH$8,0) -> 105 | AI43: =ROUND(R43*AI$8,0) -> 30 | AJ43: =ROUND(S43*AJ$8,0) -> 91 | AK43: =ROUND(T43*AK$8,0) -> 75 | AL43: =ROUND(U43*AL$8,0) -> 105 | AM43: =ROUND(V43*AM$8,0) -> 30 | AN43: =ROUND(W43*AN$8,0) -> 0 | ... AQ43: =ROUND(Z43*AQ$8,0) -> 0 | AR43: =ROUND(O43*AR$8,0) -> 90
A44: CONDIMENT | B44: 000000000064308055 | C44: HELLMANN’S VEGAN ΜΑΓ 1X3Λ | H44: 1997 | I44: 1702 | J44: 2329 | K44: 2946 | L44: 1411 | M44: 1582 | N44: 1742 | O44: 2461 | P44: 1227 | Q44: 4264 | R44: 7143 | S44: 5325 | T44: 1269 | U44: 865 | V44: 1846 | W44: 2182 | X44: 1476 | Y44: 1508 | Z44: 1636 | AC44: =VALUE(TEXT(B44,0)) -> 64308055 | AD44: {=ROUND(AVERAGE(AP44:AR44/25),0)} -> 75 | AE44: {=ROUND(AVERAGE(AM44:AR44/25),0)} -> 74 | AG44: =ROUND(P44*AG$8,0) -> 1227 | AH44: =ROUND(Q44*AH$8,0) -> 4264 | AI44: =ROUND(R44*AI$8,0) -> 7143 | AJ44: =ROUND(S44*AJ$8,0) -> 5325 | AK44: =ROUND(T44*AK$8,0) -> 1269 | AL44: =ROUND(U44*AL$8,0) -> 865 | AM44: =ROUND(V44*AM$8,0) -> 1846 | AN44: =ROUND(W44*AN$8,0) -> 2182 | ... AQ44: =ROUND(Z44*AQ$8,0) -> 1636 | AR44: =ROUND(O44*AR$8,0) -> 2461
A45: CONDIMENT | B45: 000000000064313588 | C45: HELLMANN'S ΝΤΡΕΣΙΝΓΚ ΒΑΛΣΑΜΙΚΟ 6x1ΛΙΤ | I45: 299 | J45: 253 | K45: 198 | L45: 152 | M45: 205 | N45: 178 | O45: 234 | P45: 356.333 | Q45: 77 | R45: 294 | S45: 360 | T45: 229 | U45: 256 | V45: 357 | W45: 178 | X45: 190 | Y45: 265 | Z45: 207.167 | AC45: =VALUE(TEXT(B45,0)) -> 64313588 | AD45: {=ROUND(AVERAGE(AP45:AR45/25),0)} -> 9 | AE45: {=ROUND(AVERAGE(AM45:AR45/25),0)} -> 10 | AG45: =ROUND(P45*AG$8,0) -> 356 | AH45: =ROUND(Q45*AH$8,0) -> 77 | AI45: =ROUND(R45*AI$8,0) -> 294 | AJ45: =ROUND(S45*AJ$8,0) -> 360 | AK45: =ROUND(T45*AK$8,0) -> 229 | AL45: =ROUND(U45*AL$8,0) -> 256 | AM45: =ROUND(V45*AM$8,0) -> 357 | AN45: =ROUND(W45*AN$8,0) -> 178 | ... AQ45: =ROUND(Z45*AQ$8,0) -> 207 | AR45: =ROUND(O45*AR$8,0) -> 234
A46: CONDIMENT | B46: 000000000064314621 | C46: HELLMANNS ΑΝΑΠΛΗΡΩΜΑ ΜΑΓΙΟΝΕΖΑΣ 1Χ5Λ | L46: 3754 | M46: 7753 | N46: 7196 | O46: 3410 | P46: 6670 | Q46: 8458 | R46: 8204 | S46: 8380 | T46: 9574 | U46: 12022 | V46: 13440 | W46: 10317 | X46: 10357 | Y46: 7139 | Z46: 6384 | AC46: =VALUE(TEXT(B46,0)) -> 64314621 | AD46: {=ROUND(AVERAGE(AP46:AR46/25),0)} -> 226 | AE46: {=ROUND(AVERAGE(AM46:AR46/25),0)} -> 340 | AG46: =ROUND(P46*AG$8,0) -> 6670 | AH46: =ROUND(Q46*AH$8,0) -> 8458 | AI46: =ROUND(R46*AI$8,0) -> 8204 | AJ46: =ROUND(S46*AJ$8,0) -> 8380 | AK46: =ROUND(T46*AK$8,0) -> 9574 | AL46: =ROUND(U46*AL$8,0) -> 12022 | AM46: =ROUND(V46*AM$8,0) -> 13440 | AN46: =ROUND(W46*AN$8,0) -> 10317 | ... AQ46: =ROUND(Z46*AQ$8,0) -> 6384 | AR46: =ROUND(O46*AR$8,0) -> 3410
A47: CONDIMENT | B47: 000000000064315194 | C47: HELLMANN’S ΝΤΡΕΣΙΝΓΚ CHIV&PARSL 6x1Λ | G47: 100 | H47: 67 | I47: 38 | J47: 120 | K47: 62 | L47: 60 | M47: -10.833 | N47: 6.5 | O47: 5.334 | P47: 44 | Q47: 96.833 | R47: -1.833 | S47: 26.001 | T47: -10.167 | U47: 50.5 | V47: 96.833 | W47: 31.334 | X47: 5.001 | Y47: 23.833 | Z47: 30.167 | AC47: =VALUE(TEXT(B47,0)) -> 64315194 | AD47: {=ROUND(AVERAGE(AP47:AR47/25),0)} -> 1 | AE47: {=ROUND(AVERAGE(AM47:AR47/25),0)} -> 1 | AG47: =ROUND(P47*AG$8,0) -> 44 | AH47: =ROUND(Q47*AH$8,0) -> 97 | AI47: =ROUND(R47*AI$8,0) -> -2 | AJ47: =ROUND(S47*AJ$8,0) -> 26 | AK47: =ROUND(T47*AK$8,0) -> -10 | AL47: =ROUND(U47*AL$8,0) -> 51 | AM47: =ROUND(V47*AM$8,0) -> 97 | AN47: =ROUND(W47*AN$8,0) -> 31 | ... AQ47: =ROUND(Z47*AQ$8,0) -> 30 | AR47: =ROUND(O47*AR$8,0) -> 5
A48: CONDIMENT | B48: 000000000064324725 | C48: HELLMANN'S ΝΤΡΕΣΙΝΓΚ 1000 ΝΗΣΙΑ 6x1Λ | G48: 290 | H48: 237 | I48: 306 | J48: 442 | K48: 376 | L48: 176 | M48: 298 | N48: 127 | O48: 224 | P48: 268.833 | Q48: 180.167 | R48: 305.667 | S48: 314.333 | T48: 347.333 | U48: 312.333 | V48: 353.333 | W48: 336.667 | X48: 135.5 | Y48: 267.166 | Z48: 131.5 | AC48: =VALUE(TEXT(B48,0)) -> 64324725 | AD48: {=ROUND(AVERAGE(AP48:AR48/25),0)} -> 8 | AE48: {=ROUND(AVERAGE(AM48:AR48/25),0)} -> 10 | AG48: =ROUND(P48*AG$8,0) -> 269 | AH48: =ROUND(Q48*AH$8,0) -> 180 | AI48: =ROUND(R48*AI$8,0) -> 306 | AJ48: =ROUND(S48*AJ$8,0) -> 314 | AK48: =ROUND(T48*AK$8,0) -> 347 | AL48: =ROUND(U48*AL$8,0) -> 312 | AM48: =ROUND(V48*AM$8,0) -> 353 | AN48: =ROUND(W48*AN$8,0) -> 337 | ... AQ48: =ROUND(Z48*AQ$8,0) -> 132 | AR48: =ROUND(O48*AR$8,0) -> 224
A49: CONDIMENT | B49: 000000000064324731 | C49: HELLMANN’S ΝΤΡΕΣΙΝΓΚ CLASSIC 6x1Λ | G49: 99 | H49: 65 | I49: 29 | J49: 110.333 | K49: 47 | L49: 21.167 | M49: 120.167 | N49: 7 | O49: 15.167 | P49: 91 | Q49: 67.333 | R49: 17.833 | S49: 83 | T49: 71 | U49: 26 | V49: 33 | W49: 25 | X49: 89 | Y49: 93.167 | Z49: 12.667 | AC49: =VALUE(TEXT(B49,0)) -> 64324731 | AD49: {=ROUND(AVERAGE(AP49:AR49/25),0)} -> 2 | AE49: {=ROUND(AVERAGE(AM49:AR49/25),0)} -> 2 | AG49: =ROUND(P49*AG$8,0) -> 91 | AH49: =ROUND(Q49*AH$8,0) -> 67 | AI49: =ROUND(R49*AI$8,0) -> 18 | AJ49: =ROUND(S49*AJ$8,0) -> 83 | AK49: =ROUND(T49*AK$8,0) -> 71 | AL49: =ROUND(U49*AL$8,0) -> 26 | AM49: =ROUND(V49*AM$8,0) -> 33 | AN49: =ROUND(W49*AN$8,0) -> 25 | ... AQ49: =ROUND(Z49*AQ$8,0) -> 13 | AR49: =ROUND(O49*AR$8,0) -> 15
A50: CONDIMENT | B50: 000000000064345461 | C50: HELLMANN'S ΣΑΛΤΣΑ BARBECUE ΜΕΛΙ 8X250ML | G50: 5 | AC50: =VALUE(TEXT(B50,0)) -> 64345461 | AD50: {=ROUND(AVERAGE(AP50:AR50/25),0)} -> 0 | AE50: {=ROUND(AVERAGE(AM50:AR50/25),0)} -> 0 | AG50: =ROUND(P50*AG$8,0) -> 0 | AH50: =ROUND(Q50*AH$8,0) -> 0 | AI50: =ROUND(R50*AI$8,0) -> 0 | AJ50: =ROUND(S50*AJ$8,0) -> 0 | AK50: =ROUND(T50*AK$8,0) -> 0 | AL50: =ROUND(U50*AL$8,0) -> 0 | AM50: =ROUND(V50*AM$8,0) -> 0 | AN50: =ROUND(W50*AN$8,0) -> 0 | ... AQ50: =ROUND(Z50*AQ$8,0) -> 0 | AR50: =ROUND(O50*AR$8,0) -> 0
A51: CONDIMENT | B51: 000000000064383213 | C51: MAILLE ΜΟΥΣΤΑΡΔΑ DIJON ORIGINALE 6X215 Γ | V51: 6 | W51: 4 | X51: 13 | AC51: =VALUE(TEXT(B51,0)) -> 64383213 | AD51: {=ROUND(AVERAGE(AP51:AR51/25),0)} -> 0 | AE51: {=ROUND(AVERAGE(AM51:AR51/25),0)} -> 0 | AG51: =ROUND(P51*AG$8,0) -> 0 | AH51: =ROUND(Q51*AH$8,0) -> 0 | AI51: =ROUND(R51*AI$8,0) -> 0 | AJ51: =ROUND(S51*AJ$8,0) -> 0 | AK51: =ROUND(T51*AK$8,0) -> 0 | AL51: =ROUND(U51*AL$8,0) -> 0 | AM51: =ROUND(V51*AM$8,0) -> 6 | AN51: =ROUND(W51*AN$8,0) -> 4 | ... AQ51: =ROUND(Z51*AQ$8,0) -> 0 | AR51: =ROUND(O51*AR$8,0) -> 0
A52: CONDIMENT | B52: 000000000064390879 | C52: HELLMANN’S VEGAN 6x320ΓΡ | I52: 1 | K52: 1 | O52: 1 | AC52: =VALUE(TEXT(B52,0)) -> 64390879 | AD52: {=ROUND(AVERAGE(AP52:AR52/25),0)} -> 0 | AE52: {=ROUND(AVERAGE(AM52:AR52/25),0)} -> 0 | AG52: =ROUND(P52*AG$8,0) -> 0 | AH52: =ROUND(Q52*AH$8,0) -> 0 | AI52: =ROUND(R52*AI$8,0) -> 0 | AJ52: =ROUND(S52*AJ$8,0) -> 0 | AK52: =ROUND(T52*AK$8,0) -> 0 | AL52: =ROUND(U52*AL$8,0) -> 0 | AM52: =ROUND(V52*AM$8,0) -> 0 | AN52: =ROUND(W52*AN$8,0) -> 0 | ... AQ52: =ROUND(Z52*AQ$8,0) -> 0 | AR52: =ROUND(O52*AR$8,0) -> 1
A53: CONDIMENT | B53: 000000000064764703 | C53: HLMNS ΣΑΛΤΣΑ ΚΟΚΤΕΙΛ 3Λ | S53: 1865 | T53: 1787 | U53: 2154 | V53: 2654 | W53: 2293 | X53: 1838 | Y53: 1479 | Z53: 1566 | AC53: =VALUE(TEXT(B53,0)) -> 64764703 | AD53: {=ROUND(AVERAGE(AP53:AR53/25),0)} -> 41 | AE53: {=ROUND(AVERAGE(AM53:AR53/25),0)} -> 66 | AG53: =ROUND(P53*AG$8,0) -> 0 | AH53: =ROUND(Q53*AH$8,0) -> 0 | AI53: =ROUND(R53*AI$8,0) -> 0 | AJ53: =ROUND(S53*AJ$8,0) -> 1865 | AK53: =ROUND(T53*AK$8,0) -> 1787 | AL53: =ROUND(U53*AL$8,0) -> 2154 | AM53: =ROUND(V53*AM$8,0) -> 2654 | AN53: =ROUND(W53*AN$8,0) -> 2293 | ... AQ53: =ROUND(Z53*AQ$8,0) -> 1566 | AR53: =ROUND(O53*AR$8,0) -> 0
A54: CONDIMENT | B54: 000000000064773377 | C54: HLMNS ΜΑΓΙΟΝΕΖΑ REAL 5Λ | I54: 8491 | J54: 28676 | K54: 15343 | L54: 20807 | M54: 13511 | N54: 8994 | O54: 13259 | P54: 9767 | Q54: 9562 | R54: 11593 | S54: 15722 | T54: 19294 | U54: 24994 | V54: 29129 | W54: 20965 | X54: 16802 | Y54: 13562 | Z54: 7558 | AC54: =VALUE(TEXT(B54,0)) -> 64773377 | AD54: {=ROUND(AVERAGE(AP54:AR54/25),0)} -> 458 | AE54: {=ROUND(AVERAGE(AM54:AR54/25),0)} -> 675 | AG54: =ROUND(P54*AG$8,0) -> 9767 | AH54: =ROUND(Q54*AH$8,0) -> 9562 | AI54: =ROUND(R54*AI$8,0) -> 11593 | AJ54: =ROUND(S54*AJ$8,0) -> 15722 | AK54: =ROUND(T54*AK$8,0) -> 19294 | AL54: =ROUND(U54*AL$8,0) -> 24994 | AM54: =ROUND(V54*AM$8,0) -> 29129 | AN54: =ROUND(W54*AN$8,0) -> 20965 | ... AQ54: =ROUND(Z54*AQ$8,0) -> 7558 | AR54: =ROUND(O54*AR$8,0) -> 13259
A55: CONDIMENT | B55: 000000000064773378 | C55: HLMNS ΑΠΑΛΗ ΜΟΥΣΤΑΡΔΑ 4,8ΚΙΛ | J55: 5037 | K55: 7277 | L55: 5631 | M55: 4895 | N55: 3890 | O55: 3714 | P55: 3643 | Q55: 6363 | R55: 4951 | S55: 8202 | T55: 5508 | U55: 8763 | V55: 9204 | W55: 6778 | X55: 6217 | Y55: 4667 | Z55: 4177 | AC55: =VALUE(TEXT(B55,0)) -> 64773378 | AD55: {=ROUND(AVERAGE(AP55:AR55/25),0)} -> 167 | AE55: {=ROUND(AVERAGE(AM55:AR55/25),0)} -> 232 | AG55: =ROUND(P55*AG$8,0) -> 3643 | AH55: =ROUND(Q55*AH$8,0) -> 6363 | AI55: =ROUND(R55*AI$8,0) -> 4951 | AJ55: =ROUND(S55*AJ$8,0) -> 8202 | AK55: =ROUND(T55*AK$8,0) -> 5508 | AL55: =ROUND(U55*AL$8,0) -> 8763 | AM55: =ROUND(V55*AM$8,0) -> 9204 | AN55: =ROUND(W55*AN$8,0) -> 6778 | ... AQ55: =ROUND(Z55*AQ$8,0) -> 4177 | AR55: =ROUND(O55*AR$8,0) -> 3714
A56: CONDIMENT | B56: 000000000064813343 | C56: HELLMANN’S ΜΑΓΙΟΝΕΖΑ ΜΙΝΙ ΒΑΖ. 1X80X33ML | R56: 54 | S56: 790 | T56: 351 | U56: 535 | V56: 723 | W56: 635 | X56: 126 | Y56: 28 | Z56: 0 | AC56: =VALUE(TEXT(B56,0)) -> 64813343 | AD56: {=ROUND(AVERAGE(AP56:AR56/25),0)} -> 0 | AE56: {=ROUND(AVERAGE(AM56:AR56/25),0)} -> 10 | AG56: =ROUND(P56*AG$8,0) -> 0 | AH56: =ROUND(Q56*AH$8,0) -> 0 | AI56: =ROUND(R56*AI$8,0) -> 54 | AJ56: =ROUND(S56*AJ$8,0) -> 790 | AK56: =ROUND(T56*AK$8,0) -> 351 | AL56: =ROUND(U56*AL$8,0) -> 535 | AM56: =ROUND(V56*AM$8,0) -> 723 | AN56: =ROUND(W56*AN$8,0) -> 635 | ... AQ56: =ROUND(Z56*AQ$8,0) -> 0 | AR56: =ROUND(O56*AR$8,0) -> 0
A57: CONDIMENT | B57: 000000000064813347 | C57: HELLMANN’S ΚΕΤΣΑΠ MINI ΒΑΖ. 1X80X33ML | R57: 139 | S57: 789 | T57: 258 | U57: 692 | V57: 913 | W57: 918 | X57: 226 | Y57: 42 | Z57: 22 | AC57: =VALUE(TEXT(B57,0)) -> 64813347 | AD57: {=ROUND(AVERAGE(AP57:AR57/25),0)} -> 1 | AE57: {=ROUND(AVERAGE(AM57:AR57/25),0)} -> 14 | AG57: =ROUND(P57*AG$8,0) -> 0 | AH57: =ROUND(Q57*AH$8,0) -> 0 | AI57: =ROUND(R57*AI$8,0) -> 139 | AJ57: =ROUND(S57*AJ$8,0) -> 789 | AK57: =ROUND(T57*AK$8,0) -> 258 | AL57: =ROUND(U57*AL$8,0) -> 692 | AM57: =ROUND(V57*AM$8,0) -> 913 | AN57: =ROUND(W57*AN$8,0) -> 918 | ... AQ57: =ROUND(Z57*AQ$8,0) -> 22 | AR57: =ROUND(O57*AR$8,0) -> 0
A58: CONDIMENT | B58: 000000000064813348 | C58: HELLMANN’S ΜΟΥΣΤΑΡΔΑ ΜΙΝΙ ΒΑΖ. 1X80X33ML | R58: 38 | S58: 551 | U58: 367 | V58: 203 | W58: 161 | X58: 45 | Y58: 49 | Z58: -4 | AC58: =VALUE(TEXT(B58,0)) -> 64813348 | AD58: {=ROUND(AVERAGE(AP58:AR58/25),0)} -> 1 | AE58: {=ROUND(AVERAGE(AM58:AR58/25),0)} -> 3 | AG58: =ROUND(P58*AG$8,0) -> 0 | AH58: =ROUND(Q58*AH$8,0) -> 0 | AI58: =ROUND(R58*AI$8,0) -> 38 | AJ58: =ROUND(S58*AJ$8,0) -> 551 | AK58: =ROUND(T58*AK$8,0) -> 0 | AL58: =ROUND(U58*AL$8,0) -> 367 | AM58: =ROUND(V58*AM$8,0) -> 203 | AN58: =ROUND(W58*AN$8,0) -> 161 | ... AQ58: =ROUND(Z58*AQ$8,0) -> -4 | AR58: =ROUND(O58*AR$8,0) -> 0
A59: CONDIMENT | B59: 000000000064845275 | C59: HLMNS ΣΑΛΤΣΑ ΜΟΥΣΤΑΡΔΑΣ 6X880ΓΡ | Y59: 36.833 | Z59: 26.333 | AC59: =VALUE(TEXT(B59,0)) -> 64845275 | AD59: {=ROUND(AVERAGE(AP59:AR59/25),0)} -> 1 | AE59: {=ROUND(AVERAGE(AM59:AR59/25),0)} -> 0 | AG59: =ROUND(P59*AG$8,0) -> 0 | AH59: =ROUND(Q59*AH$8,0) -> 0 | AI59: =ROUND(R59*AI$8,0) -> 0 | AJ59: =ROUND(S59*AJ$8,0) -> 0 | AK59: =ROUND(T59*AK$8,0) -> 0 | AL59: =ROUND(U59*AL$8,0) -> 0 | AM59: =ROUND(V59*AM$8,0) -> 0 | AN59: =ROUND(W59*AN$8,0) -> 0 | ... AQ59: =ROUND(Z59*AQ$8,0) -> 26 | AR59: =ROUND(O59*AR$8,0) -> 0
A60: CONDIMENT | B60: 000000000064860925 | C60: HELLMANN’S VEGAN ΜΑΓΙΟΝΕΖΑ 6X330ΓΡ | Q60: 6 | R60: 1 | S60: 1 | T60: 3 | V60: 2 | W60: 1 | AC60: =VALUE(TEXT(B60,0)) -> 64860925 | AD60: {=ROUND(AVERAGE(AP60:AR60/25),0)} -> 0 | AE60: {=ROUND(AVERAGE(AM60:AR60/25),0)} -> 0 | AG60: =ROUND(P60*AG$8,0) -> 0 | AH60: =ROUND(Q60*AH$8,0) -> 6 | AI60: =ROUND(R60*AI$8,0) -> 1 | AJ60: =ROUND(S60*AJ$8,0) -> 1 | AK60: =ROUND(T60*AK$8,0) -> 3 | AL60: =ROUND(U60*AL$8,0) -> 0 | AM60: =ROUND(V60*AM$8,0) -> 2 | AN60: =ROUND(W60*AN$8,0) -> 1 | ... AQ60: =ROUND(Z60*AQ$8,0) -> 0 | AR60: =ROUND(O60*AR$8,0) -> 0
A61: CONDIMENT | B61: 000000000064902224 | C61: Maille Ντιζόν Μουστάρδα 8x1K | S61: 48 | T61: 70 | U61: 51 | V61: 41 | W61: 2 | X61: 27 | Y61: 106 | Z61: 25 | AC61: =VALUE(TEXT(B61,0)) -> 64902224 | AD61: {=ROUND(AVERAGE(AP61:AR61/25),0)} -> 2 | AE61: {=ROUND(AVERAGE(AM61:AR61/25),0)} -> 1 | AG61: =ROUND(P61*AG$8,0) -> 0 | AH61: =ROUND(Q61*AH$8,0) -> 0 | AI61: =ROUND(R61*AI$8,0) -> 0 | AJ61: =ROUND(S61*AJ$8,0) -> 48 | AK61: =ROUND(T61*AK$8,0) -> 70 | AL61: =ROUND(U61*AL$8,0) -> 51 | AM61: =ROUND(V61*AM$8,0) -> 41 | AN61: =ROUND(W61*AN$8,0) -> 2 | ... AQ61: =ROUND(Z61*AQ$8,0) -> 25 | AR61: =ROUND(O61*AR$8,0) -> 0
A62: CONDIMENT | B62: 000000000064922041 | C62: HELLMANN’S PROFESSIONAL 1X5Λ | U62: 3013 | V62: 3509 | W62: 3847 | X62: 2320 | Y62: 3959 | Z62: 3612 | AC62: =VALUE(TEXT(B62,0)) -> 64922041 | AD62: {=ROUND(AVERAGE(AP62:AR62/25),0)} -> 101 | AE62: {=ROUND(AVERAGE(AM62:AR62/25),0)} -> 115 | AG62: =ROUND(P62*AG$8,0) -> 0 | AH62: =ROUND(Q62*AH$8,0) -> 0 | AI62: =ROUND(R62*AI$8,0) -> 0 | AJ62: =ROUND(S62*AJ$8,0) -> 0 | AK62: =ROUND(T62*AK$8,0) -> 0 | AL62: =ROUND(U62*AL$8,0) -> 3013 | AM62: =ROUND(V62*AM$8,0) -> 3509 | AN62: =ROUND(W62*AN$8,0) -> 3847 | ... AQ62: =ROUND(Z62*AQ$8,0) -> 3612 | AR62: =ROUND(O62*AR$8,0) -> 0
A63: CONDIMENT | B63: 000000000064928335 | C63: HELLMANN'S ΚΕΤΣΑΠ 3Χ4,8 ΚΙΛΑ | U63: 897 | V63: 4623 | W63: 3505 | X63: 2487 | Y63: 2073 | Z63: 1800 | AC63: =VALUE(TEXT(B63,0)) -> 64928335 | AD63: {=ROUND(AVERAGE(AP63:AR63/25),0)} -> 52 | AE63: {=ROUND(AVERAGE(AM63:AR63/25),0)} -> 97 | AG63: =ROUND(P63*AG$8,0) -> 0 | AH63: =ROUND(Q63*AH$8,0) -> 0 | AI63: =ROUND(R63*AI$8,0) -> 0 | AJ63: =ROUND(S63*AJ$8,0) -> 0 | AK63: =ROUND(T63*AK$8,0) -> 0 | AL63: =ROUND(U63*AL$8,0) -> 897 | AM63: =ROUND(V63*AM$8,0) -> 4623 | AN63: =ROUND(W63*AN$8,0) -> 3505 | ... AQ63: =ROUND(Z63*AQ$8,0) -> 1800 | AR63: =ROUND(O63*AR$8,0) -> 0
A64: CONDIMENT | B64: 000000000064929594 | C64: HELLMANN'S ΣΑΛΤΣΑ ΜΠΑΡΜΠΕΚΙΟΥ 3X4,8 ΚΙΛΑ | U64: 54.667 | V64: 2193 | W64: 2333.667 | X64: 1770.333 | Y64: 1524.667 | Z64: 818.333 | AC64: =VALUE(TEXT(B64,0)) -> 64929594 | AD64: {=ROUND(AVERAGE(AP64:AR64/25),0)} -> 31 | AE64: {=ROUND(AVERAGE(AM64:AR64/25),0)} -> 58 | AG64: =ROUND(P64*AG$8,0) -> 0 | AH64: =ROUND(Q64*AH$8,0) -> 0 | AI64: =ROUND(R64*AI$8,0) -> 0 | AJ64: =ROUND(S64*AJ$8,0) -> 0 | AK64: =ROUND(T64*AK$8,0) -> 0 | AL64: =ROUND(U64*AL$8,0) -> 55 | AM64: =ROUND(V64*AM$8,0) -> 2193 | AN64: =ROUND(W64*AN$8,0) -> 2334 | ... AQ64: =ROUND(Z64*AQ$8,0) -> 818 | AR64: =ROUND(O64*AR$8,0) -> 0
A65: CONDIMENT | B65: 000000000064950156 | C65: HELLMANN’S ΜΑΓΙΟΝΕΖΑ ΜΕ ΤΡΟΥΦΑ 8X250 ML | V65: 83 | W65: 137 | X65: 30 | Y65: 30 | Z65: 65 | AC65: =VALUE(TEXT(B65,0)) -> 64950156 | AD65: {=ROUND(AVERAGE(AP65:AR65/25),0)} -> 1 | AE65: {=ROUND(AVERAGE(AM65:AR65/25),0)} -> 2 | AG65: =ROUND(P65*AG$8,0) -> 0 | AH65: =ROUND(Q65*AH$8,0) -> 0 | AI65: =ROUND(R65*AI$8,0) -> 0 | AJ65: =ROUND(S65*AJ$8,0) -> 0 | AK65: =ROUND(T65*AK$8,0) -> 0 | AL65: =ROUND(U65*AL$8,0) -> 0 | AM65: =ROUND(V65*AM$8,0) -> 83 | AN65: =ROUND(W65*AN$8,0) -> 137 | ... AQ65: =ROUND(Z65*AQ$8,0) -> 65 | AR65: =ROUND(O65*AR$8,0) -> 0
A66: CONDIMENT | B66: 000000000067274391 | C66: HELLMANN'S ΣΑΛΤΣΑ BARBECUE ΜΕΛΙ 8X250ML | D66: 5 | M66: 3 | S66: 5 | X66: 2 | Z66: 4 | AC66: =VALUE(TEXT(B66,0)) -> 67274391 | AD66: {=ROUND(AVERAGE(AP66:AR66/25),0)} -> 0 | AE66: {=ROUND(AVERAGE(AM66:AR66/25),0)} -> 0 | AG66: =ROUND(P66*AG$8,0) -> 0 | AH66: =ROUND(Q66*AH$8,0) -> 0 | AI66: =ROUND(R66*AI$8,0) -> 0 | AJ66: =ROUND(S66*AJ$8,0) -> 5 | AK66: =ROUND(T66*AK$8,0) -> 0 | AL66: =ROUND(U66*AL$8,0) -> 0 | AM66: =ROUND(V66*AM$8,0) -> 0 | AN66: =ROUND(W66*AN$8,0) -> 0 | ... AQ66: =ROUND(Z66*AQ$8,0) -> 4 | AR66: =ROUND(O66*AR$8,0) -> 0
A67: CONDIMENT | B67: 000000000067291280 | C67: HELLMANN'S ΣΑΛΤΣΑ ΜΠΑΡΜΠΕΚΙΟΥ 3X4,8 ΚΙΛΑ | D67: 1430.667 | E67: 1192.001 | F67: 1484 | G67: 1276.334 | H67: 2525 | I67: 2010.667 | J67: 2158 | K67: 2010.667 | L67: 1529 | M67: 1298.667 | N67: 1126 | O67: 1136.333 | P67: 1374 | Q67: 1333.667 | R67: 1399.667 | S67: 2114 | T67: 2047.667 | U67: 1817 | V67: 99 | X67: 0 | Y67: 0 | AC67: =VALUE(TEXT(B67,0)) -> 67291280 | AD67: {=ROUND(AVERAGE(AP67:AR67/25),0)} -> 15 | AE67: {=ROUND(AVERAGE(AM67:AR67/25),0)} -> 8 | AG67: =ROUND(P67*AG$8,0) -> 1374 | AH67: =ROUND(Q67*AH$8,0) -> 1334 | AI67: =ROUND(R67*AI$8,0) -> 1400 | AJ67: =ROUND(S67*AJ$8,0) -> 2114 | AK67: =ROUND(T67*AK$8,0) -> 2048 | AL67: =ROUND(U67*AL$8,0) -> 1817 | AM67: =ROUND(V67*AM$8,0) -> 99 | AN67: =ROUND(W67*AN$8,0) -> 0 | ... AQ67: =ROUND(Z67*AQ$8,0) -> 0 | AR67: =ROUND(O67*AR$8,0) -> 1136
A68: CONDIMENT | B68: 000000000067338745 | C68: HELLMANN’S ΛΑΪΤ ΜΑΓΙΟ ΤΟΠ ΝΤΑΟΥΝ 8Χ430ML | E68: 2 | F68: 4 | G68: 4 | L68: 1 | M68: 1 | N68: 1 | P68: 3 | Q68: 1 | R68: 1 | AC68: =VALUE(TEXT(B68,0)) -> 67338745 | AD68: {=ROUND(AVERAGE(AP68:AR68/25),0)} -> 0 | AE68: {=ROUND(AVERAGE(AM68:AR68/25),0)} -> 0 | AG68: =ROUND(P68*AG$8,0) -> 3 | AH68: =ROUND(Q68*AH$8,0) -> 1 | AI68: =ROUND(R68*AI$8,0) -> 1 | AJ68: =ROUND(S68*AJ$8,0) -> 0 | AK68: =ROUND(T68*AK$8,0) -> 0 | AL68: =ROUND(U68*AL$8,0) -> 0 | AM68: =ROUND(V68*AM$8,0) -> 0 | AN68: =ROUND(W68*AN$8,0) -> 0 | ... AQ68: =ROUND(Z68*AQ$8,0) -> 0 | AR68: =ROUND(O68*AR$8,0) -> 0
A69: CONDIMENT | B69: 000000000067682348 | C69: HELLMANN'S ΜΕΡΙΔΕΣ ΜΟΥΣΤΑΡΔΑΣ 198x10ML | D69: 642 | E69: 289 | F69: 1177 | G69: 2877 | H69: 2388 | I69: 2069 | J69: 2308 | K69: 1333 | L69: 1021 | M69: 235 | N69: 310 | O69: 405 | P69: 591 | Q69: 647 | R69: 1144 | S69: 2049 | T69: 2469 | U69: 1829 | V69: 2103 | W69: 1442 | X69: 662 | Y69: 285 | Z69: 253 | AC69: =VALUE(TEXT(B69,0)) -> 67682348 | AD69: {=ROUND(AVERAGE(AP69:AR69/25),0)} -> 13 | AE69: {=ROUND(AVERAGE(AM69:AR69/25),0)} -> 34 | AG69: =ROUND(P69*AG$8,0) -> 591 | AH69: =ROUND(Q69*AH$8,0) -> 647 | AI69: =ROUND(R69*AI$8,0) -> 1144 | AJ69: =ROUND(S69*AJ$8,0) -> 2049 | AK69: =ROUND(T69*AK$8,0) -> 2469 | AL69: =ROUND(U69*AL$8,0) -> 1829 | AM69: =ROUND(V69*AM$8,0) -> 2103 | AN69: =ROUND(W69*AN$8,0) -> 1442 | ... AQ69: =ROUND(Z69*AQ$8,0) -> 253 | AR69: =ROUND(O69*AR$8,0) -> 405
A70: CONDIMENT | B70: 000000000067682357 | C70: HELLMANN'S ΜΕΡΙΔΕΣ ΜΑΓΙΟΝΕΖΑΣ 198x10ML | D70: 1806 | E70: 1102 | F70: 2416 | G70: 5099 | H70: 6093 | I70: 6238 | J70: 11032 | K70: 7799 | L70: 3433 | M70: 707 | N70: 952 | O70: 1805 | P70: 1678 | Q70: 1243 | R70: 3587 | S70: 4736 | T70: 7049 | U70: 7675 | V70: 9239 | W70: 9829 | X70: 2750 | Y70: 1456 | Z70: 802 | AC70: =VALUE(TEXT(B70,0)) -> 67682357 | AD70: {=ROUND(AVERAGE(AP70:AR70/25),0)} -> 54 | AE70: {=ROUND(AVERAGE(AM70:AR70/25),0)} -> 173 | AG70: =ROUND(P70*AG$8,0) -> 1678 | AH70: =ROUND(Q70*AH$8,0) -> 1243 | AI70: =ROUND(R70*AI$8,0) -> 3587 | AJ70: =ROUND(S70*AJ$8,0) -> 4736 | AK70: =ROUND(T70*AK$8,0) -> 7049 | AL70: =ROUND(U70*AL$8,0) -> 7675 | AM70: =ROUND(V70*AM$8,0) -> 9239 | AN70: =ROUND(W70*AN$8,0) -> 9829 | ... AQ70: =ROUND(Z70*AQ$8,0) -> 802 | AR70: =ROUND(O70*AR$8,0) -> 1805
A71: CONDIMENT | B71: 000000000067682359 | C71: HELLMANN'S ΜΕΡΙΔΕΣ ΚΕΤΣΑΠ 198x10ML | D71: 2549 | E71: 3981 | F71: 3871 | G71: 6454 | H71: 6852 | I71: 9436 | J71: 15288 | K71: 11007 | L71: 4399 | M71: 2951 | N71: 863 | O71: 1747 | P71: 3734 | Q71: 2166 | R71: 3449 | S71: 6374 | T71: 8462 | U71: 10049 | V71: 13078 | W71: 12922 | X71: 4043 | Y71: 4241 | Z71: 1449 | AC71: =VALUE(TEXT(B71,0)) -> 67682359 | AD71: {=ROUND(AVERAGE(AP71:AR71/25),0)} -> 99 | AE71: {=ROUND(AVERAGE(AM71:AR71/25),0)} -> 250 | AG71: =ROUND(P71*AG$8,0) -> 3734 | AH71: =ROUND(Q71*AH$8,0) -> 2166 | AI71: =ROUND(R71*AI$8,0) -> 3449 | AJ71: =ROUND(S71*AJ$8,0) -> 6374 | AK71: =ROUND(T71*AK$8,0) -> 8462 | AL71: =ROUND(U71*AL$8,0) -> 10049 | AM71: =ROUND(V71*AM$8,0) -> 13078 | AN71: =ROUND(W71*AN$8,0) -> 12922 | ... AQ71: =ROUND(Z71*AQ$8,0) -> 1449 | AR71: =ROUND(O71*AR$8,0) -> 1747
A72: CONDIMENT | B72: 000000000067720652 | C72: HELLMANN'S VEGAN 6X270 ΓΡ | D72: 0 | E72: 1 | F72: 8 | G72: 2 | H72: 5 | AC72: =VALUE(TEXT(B72,0)) -> 67720652 | AD72: {=ROUND(AVERAGE(AP72:AR72/25),0)} -> 0 | AE72: {=ROUND(AVERAGE(AM72:AR72/25),0)} -> 0 | AG72: =ROUND(P72*AG$8,0) -> 0 | AH72: =ROUND(Q72*AH$8,0) -> 0 | AI72: =ROUND(R72*AI$8,0) -> 0 | AJ72: =ROUND(S72*AJ$8,0) -> 0 | AK72: =ROUND(T72*AK$8,0) -> 0 | AL72: =ROUND(U72*AL$8,0) -> 0 | AM72: =ROUND(V72*AM$8,0) -> 0 | AN72: =ROUND(W72*AN$8,0) -> 0 | ... AQ72: =ROUND(Z72*AQ$8,0) -> 0 | AR72: =ROUND(O72*AR$8,0) -> 0
A73: CONDIMENT | B73: 000000000067750998 | C73: HLMNS ΑΝΑΠ.ΜΑΓΙΟΝΕΖΑΣ 6Χ820ΓΡ | D73: 89 | E73: 179 | F73: 60 | G73: 183.5 | H73: 46.666 | I73: 0 | J73: 126 | K73: 81 | L73: 106.667 | M73: 165 | N73: 190.5 | O73: 92 | P73: 205 | Q73: 25.833 | R73: 89 | S73: 184.334 | T73: -6.5 | U73: 159.167 | V73: 237.833 | W73: 115.667 | X73: 20 | Y73: 94.667 | Z73: 107.833 | AC73: =VALUE(TEXT(B73,0)) -> 67750998 | AD73: {=ROUND(AVERAGE(AP73:AR73/25),0)} -> 4 | AE73: {=ROUND(AVERAGE(AM73:AR73/25),0)} -> 4 | AG73: =ROUND(P73*AG$8,0) -> 205 | AH73: =ROUND(Q73*AH$8,0) -> 26 | AI73: =ROUND(R73*AI$8,0) -> 89 | AJ73: =ROUND(S73*AJ$8,0) -> 184 | AK73: =ROUND(T73*AK$8,0) -> -7 | AL73: =ROUND(U73*AL$8,0) -> 159 | AM73: =ROUND(V73*AM$8,0) -> 238 | AN73: =ROUND(W73*AN$8,0) -> 116 | ... AQ73: =ROUND(Z73*AQ$8,0) -> 108 | AR73: =ROUND(O73*AR$8,0) -> 92
A74: CONDIMENT | B74: 000000000067751000 | C74: HLMNS ΚΕΤΣΑΠ 6Χ950ΓΡ | D74: 7 | E74: 15.166 | F74: 23 | G74: 83.833 | H74: 71 | I74: 24 | J74: 2 | K74: 4 | L74: 19 | M74: 72 | N74: 49.667 | O74: 38 | P74: 55 | Q74: 35 | R74: 42 | S74: 85.5 | T74: 51 | U74: 35 | V74: 44.833 | W74: 45.833 | X74: 13.333 | Y74: 15.001 | Z74: 49.501 | AC74: =VALUE(TEXT(B74,0)) -> 67751000 | AD74: {=ROUND(AVERAGE(AP74:AR74/25),0)} -> 1 | AE74: {=ROUND(AVERAGE(AM74:AR74/25),0)} -> 1 | AG74: =ROUND(P74*AG$8,0) -> 55 | AH74: =ROUND(Q74*AH$8,0) -> 35 | AI74: =ROUND(R74*AI$8,0) -> 42 | AJ74: =ROUND(S74*AJ$8,0) -> 86 | AK74: =ROUND(T74*AK$8,0) -> 51 | AL74: =ROUND(U74*AL$8,0) -> 35 | AM74: =ROUND(V74*AM$8,0) -> 45 | AN74: =ROUND(W74*AN$8,0) -> 46 | ... AQ74: =ROUND(Z74*AQ$8,0) -> 50 | AR74: =ROUND(O74*AR$8,0) -> 38
A75: CONDIMENT | B75: 000000000067751002 | C75: HLMNS ΣΑΛΤΣΑ ΜΟΥΣΤΑΡΔΑΣ 6X880ΓΡ | D75: 25 | E75: -0.667 | F75: 16 | G75: 52.833 | H75: 179 | I75: -77.167 | J75: 90 | K75: 15 | L75: 46.167 | M75: 45.499 | N75: 44.999 | O75: 44.667 | P75: 23.167 | Q75: 33.333 | R75: 46 | S75: 51 | T75: 32.333 | U75: 79 | V75: 66.334 | W75: 41.167 | X75: 23.833 | AC75: =VALUE(TEXT(B75,0)) -> 67751002 | AD75: {=ROUND(AVERAGE(AP75:AR75/25),0)} -> 1 | AE75: {=ROUND(AVERAGE(AM75:AR75/25),0)} -> 1 | AG75: =ROUND(P75*AG$8,0) -> 23 | AH75: =ROUND(Q75*AH$8,0) -> 33 | AI75: =ROUND(R75*AI$8,0) -> 46 | AJ75: =ROUND(S75*AJ$8,0) -> 51 | AK75: =ROUND(T75*AK$8,0) -> 32 | AL75: =ROUND(U75*AL$8,0) -> 79 | AM75: =ROUND(V75*AM$8,0) -> 66 | AN75: =ROUND(W75*AN$8,0) -> 41 | ... AQ75: =ROUND(Z75*AQ$8,0) -> 0 | AR75: =ROUND(O75*AR$8,0) -> 45
A76: CONDIMENT | B76: 000000000067751022 | C76: HLMNS ΣΑΛΤΣΑ DELUXE ΓΙΑ ΠΑΤΑΤ. 6Χ850ΓΡ | D76: 33.833 | E76: 115 | F76: 107.333 | G76: 124.833 | H76: 120.667 | I76: 17.333 | J76: 173.166 | K76: 179 | L76: 102.5 | M76: 191.166 | N76: 179.167 | O76: 99 | P76: 133.666 | Q76: 94.833 | R76: 130.5 | S76: 137 | T76: 175.499 | U76: 44.667 | V76: 27.834 | W76: 135.833 | X76: 399.5 | Y76: 100.833 | Z76: 92.5 | AC76: =VALUE(TEXT(B76,0)) -> 67751022 | AD76: {=ROUND(AVERAGE(AP76:AR76/25),0)} -> 4 | AE76: {=ROUND(AVERAGE(AM76:AR76/25),0)} -> 6 | AG76: =ROUND(P76*AG$8,0) -> 134 | AH76: =ROUND(Q76*AH$8,0) -> 95 | AI76: =ROUND(R76*AI$8,0) -> 131 | AJ76: =ROUND(S76*AJ$8,0) -> 137 | AK76: =ROUND(T76*AK$8,0) -> 175 | AL76: =ROUND(U76*AL$8,0) -> 45 | AM76: =ROUND(V76*AM$8,0) -> 28 | AN76: =ROUND(W76*AN$8,0) -> 136 | ... AQ76: =ROUND(Z76*AQ$8,0) -> 93 | AR76: =ROUND(O76*AR$8,0) -> 99
A77: CONDIMENT | B77: 000000000067751029 | C77: HLMNS ΣΑΛΤΣΑ ΜΠΑΡΜΠΕΚΙΟΥ 6Χ950ΓΡ | D77: 95 | E77: 65.999 | F77: 88.834 | G77: 65.166 | H77: 78.666 | I77: 99.5 | J77: 20.5 | L77: 119.834 | M77: 120.5 | N77: 44 | O77: 79.833 | P77: 174.667 | Q77: 23.833 | R77: 51 | S77: 72.167 | T77: 100 | U77: 105 | V77: 1 | W77: 104.5 | X77: 112.5 | Y77: -6.667 | Z77: 58.5 | AC77: =VALUE(TEXT(B77,0)) -> 67751029 | AD77: {=ROUND(AVERAGE(AP77:AR77/25),0)} -> 2 | AE77: {=ROUND(AVERAGE(AM77:AR77/25),0)} -> 2 | AG77: =ROUND(P77*AG$8,0) -> 175 | AH77: =ROUND(Q77*AH$8,0) -> 24 | AI77: =ROUND(R77*AI$8,0) -> 51 | AJ77: =ROUND(S77*AJ$8,0) -> 72 | AK77: =ROUND(T77*AK$8,0) -> 100 | AL77: =ROUND(U77*AL$8,0) -> 105 | AM77: =ROUND(V77*AM$8,0) -> 1 | AN77: =ROUND(W77*AN$8,0) -> 105 | ... AQ77: =ROUND(Z77*AQ$8,0) -> 59 | AR77: =ROUND(O77*AR$8,0) -> 80
A78: CONDIMENT | B78: 000000000067824782 | C78: MAILLE ΜΟΥΣΤΑΡΔΑ ΜΕ ΜΕΛΙ 12Χ230ΓΡ | D78: 10 | F78: 5 | H78: 9 | J78: 2 | L78: 4 | M78: 2 | N78: 1 | P78: 6 | Q78: 1 | R78: 2 | S78: 6 | T78: 1 | U78: 2 | V78: 2 | W78: 4 | X78: 3 | Z78: 3 | AC78: =VALUE(TEXT(B78,0)) -> 67824782 | AD78: {=ROUND(AVERAGE(AP78:AR78/25),0)} -> 0 | AE78: {=ROUND(AVERAGE(AM78:AR78/25),0)} -> 0 | AG78: =ROUND(P78*AG$8,0) -> 6 | AH78: =ROUND(Q78*AH$8,0) -> 1 | AI78: =ROUND(R78*AI$8,0) -> 2 | AJ78: =ROUND(S78*AJ$8,0) -> 6 | AK78: =ROUND(T78*AK$8,0) -> 1 | AL78: =ROUND(U78*AL$8,0) -> 2 | AM78: =ROUND(V78*AM$8,0) -> 2 | AN78: =ROUND(W78*AN$8,0) -> 4 | ... AQ78: =ROUND(Z78*AQ$8,0) -> 3 | AR78: =ROUND(O78*AR$8,0) -> 0
A79: CONDIMENT | B79: 000000000067858755 | C79: HELLMANN’S ΣΑΛΤΣΑ ΚΑΥΤ.ΠΙΠΕΡΙΑΣ 12Χ95ML | E79: -0.25 | AC79: =VALUE(TEXT(B79,0)) -> 67858755 | AD79: {=ROUND(AVERAGE(AP79:AR79/25),0)} -> 0 | AE79: {=ROUND(AVERAGE(AM79:AR79/25),0)} -> 0 | AG79: =ROUND(P79*AG$8,0) -> 0 | AH79: =ROUND(Q79*AH$8,0) -> 0 | AI79: =ROUND(R79*AI$8,0) -> 0 | AJ79: =ROUND(S79*AJ$8,0) -> 0 | AK79: =ROUND(T79*AK$8,0) -> 0 | AL79: =ROUND(U79*AL$8,0) -> 0 | AM79: =ROUND(V79*AM$8,0) -> 0 | AN79: =ROUND(W79*AN$8,0) -> 0 | ... AQ79: =ROUND(Z79*AQ$8,0) -> 0 | AR79: =ROUND(O79*AR$8,0) -> 0
A80: CONDIMENT | B80: 000000000067930505 | C80: HELLMANN’S ΜΑΓΙΟΝΕΖΑ ΜΕ ΤΡΟΥΦΑ 12X235 ΓΡ | D80: 10 | E80: 30 | AC80: =VALUE(TEXT(B80,0)) -> 67930505 | AD80: {=ROUND(AVERAGE(AP80:AR80/25),0)} -> 0 | AE80: {=ROUND(AVERAGE(AM80:AR80/25),0)} -> 0 | AG80: =ROUND(P80*AG$8,0) -> 0 | AH80: =ROUND(Q80*AH$8,0) -> 0 | AI80: =ROUND(R80*AI$8,0) -> 0 | AJ80: =ROUND(S80*AJ$8,0) -> 0 | AK80: =ROUND(T80*AK$8,0) -> 0 | AL80: =ROUND(U80*AL$8,0) -> 0 | AM80: =ROUND(V80*AM$8,0) -> 0 | AN80: =ROUND(W80*AN$8,0) -> 0 | ... AQ80: =ROUND(Z80*AQ$8,0) -> 0 | AR80: =ROUND(O80*AR$8,0) -> 0
A81: CONDIMENT | B81: 000000000067969831 | C81: HELLMANN'S ΜΕΡΙΔΕΣ ΜΠΑΡΜΠΕΚΙΟΥ 198x10ML | D81: 1095 | E81: 618 | F81: 94 | G81: 947 | H81: 1067 | I81: 713 | J81: 989 | K81: 277 | L81: 668 | M81: 288 | N81: 818 | O81: 917 | P81: 837 | Q81: 477 | R81: 760 | S81: 1137 | T81: 1467 | U81: 556 | V81: 750 | W81: 696 | X81: 914 | Y81: 667 | Z81: 804 | AC81: =VALUE(TEXT(B81,0)) -> 67969831 | AD81: {=ROUND(AVERAGE(AP81:AR81/25),0)} -> 32 | AE81: {=ROUND(AVERAGE(AM81:AR81/25),0)} -> 32 | AG81: =ROUND(P81*AG$8,0) -> 837 | AH81: =ROUND(Q81*AH$8,0) -> 477 | AI81: =ROUND(R81*AI$8,0) -> 760 | AJ81: =ROUND(S81*AJ$8,0) -> 1137 | AK81: =ROUND(T81*AK$8,0) -> 1467 | AL81: =ROUND(U81*AL$8,0) -> 556 | AM81: =ROUND(V81*AM$8,0) -> 750 | AN81: =ROUND(W81*AN$8,0) -> 696 | ... AQ81: =ROUND(Z81*AQ$8,0) -> 804 | AR81: =ROUND(O81*AR$8,0) -> 917
A82: CONDIMENT | B82: 000000000067997436 | C82: HELLMANN'S VEGAN 1X2,5KG EU | D82: 1222 | E82: 2117 | F82: 5549 | G82: 8438 | H82: 24 | I82: -10 | J82: -3 | K82: -2 | L82: -9 | M82: -14 | N82: -83 | O82: -3 | P82: -5 | Q82: -1 | S82: 0 | T82: -3 | V82: 0 | W82: -2 | AC82: =VALUE(TEXT(B82,0)) -> 67997436 | AD82: {=ROUND(AVERAGE(AP82:AR82/25),0)} -> 0 | AE82: {=ROUND(AVERAGE(AM82:AR82/25),0)} -> 0 | AG82: =ROUND(P82*AG$8,0) -> -5 | AH82: =ROUND(Q82*AH$8,0) -> -1 | AI82: =ROUND(R82*AI$8,0) -> 0 | AJ82: =ROUND(S82*AJ$8,0) -> 0 | AK82: =ROUND(T82*AK$8,0) -> -3 | AL82: =ROUND(U82*AL$8,0) -> 0 | AM82: =ROUND(V82*AM$8,0) -> 0 | AN82: =ROUND(W82*AN$8,0) -> -2 | ... AQ82: =ROUND(Z82*AQ$8,0) -> 0 | AR82: =ROUND(O82*AR$8,0) -> -3
A83: CONDIMENT | B83: 000000000068354045 | C83: HELLMANN'S ΝΤΡΕΣΙΝΓΚ 1000 ΝΗΣΙΑ 4x3 ΛΙΤ | D83: 108 | E83: 55.25 | F83: 158 | G83: 78 | H83: 0 | I83: 0 | L83: -0.75 | M83: 0 | O83: 0 | AC83: =VALUE(TEXT(B83,0)) -> 68354045 | AD83: {=ROUND(AVERAGE(AP83:AR83/25),0)} -> 0 | AE83: {=ROUND(AVERAGE(AM83:AR83/25),0)} -> 0 | AG83: =ROUND(P83*AG$8,0) -> 0 | AH83: =ROUND(Q83*AH$8,0) -> 0 | AI83: =ROUND(R83*AI$8,0) -> 0 | AJ83: =ROUND(S83*AJ$8,0) -> 0 | AK83: =ROUND(T83*AK$8,0) -> 0 | AL83: =ROUND(U83*AL$8,0) -> 0 | AM83: =ROUND(V83*AM$8,0) -> 0 | AN83: =ROUND(W83*AN$8,0) -> 0 | ... AQ83: =ROUND(Z83*AQ$8,0) -> 0 | AR83: =ROUND(O83*AR$8,0) -> 0
A84: CONDIMENT | B84: 000000000068422852 | C84: HELLMANN'S ΝΤΡΕΣΙΝΓΚ ΒΑΛΣΑΜΙΚΟ 6x1ΛΙΤ | D84: 204 | E84: 171 | F84: 218 | G84: 317.833 | H84: 251 | I84: 78 | L84: 0 | M84: 0 | O84: 0 | AC84: =VALUE(TEXT(B84,0)) -> 68422852 | AD84: {=ROUND(AVERAGE(AP84:AR84/25),0)} -> 0 | AE84: {=ROUND(AVERAGE(AM84:AR84/25),0)} -> 0 | AG84: =ROUND(P84*AG$8,0) -> 0 | AH84: =ROUND(Q84*AH$8,0) -> 0 | AI84: =ROUND(R84*AI$8,0) -> 0 | AJ84: =ROUND(S84*AJ$8,0) -> 0 | AK84: =ROUND(T84*AK$8,0) -> 0 | AL84: =ROUND(U84*AL$8,0) -> 0 | AM84: =ROUND(V84*AM$8,0) -> 0 | AN84: =ROUND(W84*AN$8,0) -> 0 | ... AQ84: =ROUND(Z84*AQ$8,0) -> 0 | AR84: =ROUND(O84*AR$8,0) -> 0
A85: CONDIMENT | B85: 000000000068429197 | C85: HLMNS ΝΤΡΕΣΙΝΓΚ ΜΕΛΙ & ΜΟΥΣΤΑΡΔΑ 6x1 ΛΙΤ | D85: 452 | E85: 1383.833 | F85: 956 | G85: 1194 | H85: 881 | I85: 1429 | J85: 1234 | K85: 913 | L85: 795 | M85: 882 | N85: 669 | O85: 1225 | P85: 567 | Q85: 1075 | R85: 843.167 | S85: 1178 | T85: 1063 | U85: 1392 | V85: 1652 | W85: 1195 | X85: 0 | Y85: 1953 | Z85: 841 | AC85: =VALUE(TEXT(B85,0)) -> 68429197 | AD85: {=ROUND(AVERAGE(AP85:AR85/25),0)} -> 54 | AE85: {=ROUND(AVERAGE(AM85:AR85/25),0)} -> 46 | AG85: =ROUND(P85*AG$8,0) -> 567 | AH85: =ROUND(Q85*AH$8,0) -> 1075 | AI85: =ROUND(R85*AI$8,0) -> 843 | AJ85: =ROUND(S85*AJ$8,0) -> 1178 | AK85: =ROUND(T85*AK$8,0) -> 1063 | AL85: =ROUND(U85*AL$8,0) -> 1392 | AM85: =ROUND(V85*AM$8,0) -> 1652 | AN85: =ROUND(W85*AN$8,0) -> 1195 | ... AQ85: =ROUND(Z85*AQ$8,0) -> 841 | AR85: =ROUND(O85*AR$8,0) -> 1225
A86: CONDIMENT | B86: 000000000068512242 | C86: HELLMANN'S ΚΕΤΣΑΠ ΚΛΑΣΣΙΚΗ TD 12X468 ΓΡ | F86: 25 | AC86: =VALUE(TEXT(B86,0)) -> 68512242 | AD86: {=ROUND(AVERAGE(AP86:AR86/25),0)} -> 0 | AE86: {=ROUND(AVERAGE(AM86:AR86/25),0)} -> 0 | AG86: =ROUND(P86*AG$8,0) -> 0 | AH86: =ROUND(Q86*AH$8,0) -> 0 | AI86: =ROUND(R86*AI$8,0) -> 0 | AJ86: =ROUND(S86*AJ$8,0) -> 0 | AK86: =ROUND(T86*AK$8,0) -> 0 | AL86: =ROUND(U86*AL$8,0) -> 0 | AM86: =ROUND(V86*AM$8,0) -> 0 | AN86: =ROUND(W86*AN$8,0) -> 0 | ... AQ86: =ROUND(Z86*AQ$8,0) -> 0 | AR86: =ROUND(O86*AR$8,0) -> 0
A87: CONDIMENT | B87: 000000000068566045 | C87: HELLMANN’S ΣΑΛΤΣΑ ΜΕ ΤΣΕΝΤΑΡ 8Χ250 ΓΡ | E87: 2 | F87: 8 | G87: 5 | AC87: =VALUE(TEXT(B87,0)) -> 68566045 | AD87: {=ROUND(AVERAGE(AP87:AR87/25),0)} -> 0 | AE87: {=ROUND(AVERAGE(AM87:AR87/25),0)} -> 0 | AG87: =ROUND(P87*AG$8,0) -> 0 | AH87: =ROUND(Q87*AH$8,0) -> 0 | AI87: =ROUND(R87*AI$8,0) -> 0 | AJ87: =ROUND(S87*AJ$8,0) -> 0 | AK87: =ROUND(T87*AK$8,0) -> 0 | AL87: =ROUND(U87*AL$8,0) -> 0 | AM87: =ROUND(V87*AM$8,0) -> 0 | AN87: =ROUND(W87*AN$8,0) -> 0 | ... AQ87: =ROUND(Z87*AQ$8,0) -> 0 | AR87: =ROUND(O87*AR$8,0) -> 0
A88: CONDIMENT | B88: 000000000068601121 | C88: HLMNS ΜΑΣΤΕΡ ΣΑΛΤΣΑ1Χ3ΚΙΛ. | D88: 0 | E88: -4 | G88: -6 | H88: -19 | I88: 0 | L88: 0 | M88: 0 | O88: 0 | AC88: =VALUE(TEXT(B88,0)) -> 68601121 | AD88: {=ROUND(AVERAGE(AP88:AR88/25),0)} -> 0 | AE88: {=ROUND(AVERAGE(AM88:AR88/25),0)} -> 0 | AG88: =ROUND(P88*AG$8,0) -> 0 | AH88: =ROUND(Q88*AH$8,0) -> 0 | AI88: =ROUND(R88*AI$8,0) -> 0 | AJ88: =ROUND(S88*AJ$8,0) -> 0 | AK88: =ROUND(T88*AK$8,0) -> 0 | AL88: =ROUND(U88*AL$8,0) -> 0 | AM88: =ROUND(V88*AM$8,0) -> 0 | AN88: =ROUND(W88*AN$8,0) -> 0 | ... AQ88: =ROUND(Z88*AQ$8,0) -> 0 | AR88: =ROUND(O88*AR$8,0) -> 0
A89: CONDIMENT | B89: 000000000068601123 | C89: HLMNS ΜΟΥΣΤΑΡΔΑ 4Χ4ΚΙΛ. | D89: 104 | E89: 165.5 | F89: 181 | G89: 363 | H89: 157 | I89: 332 | J89: 440.25 | K89: 188 | L89: 187.75 | M89: 181.5 | N89: 156 | O89: 181.5 | P89: 128 | Q89: 80 | R89: 223 | S89: 329 | T89: 185 | U89: 408 | V89: 480.5 | W89: 311 | X89: 204 | Y89: 165 | Z89: 172 | AC89: =VALUE(TEXT(B89,0)) -> 68601123 | AD89: {=ROUND(AVERAGE(AP89:AR89/25),0)} -> 7 | AE89: {=ROUND(AVERAGE(AM89:AR89/25),0)} -> 10 | AG89: =ROUND(P89*AG$8,0) -> 128 | AH89: =ROUND(Q89*AH$8,0) -> 80 | AI89: =ROUND(R89*AI$8,0) -> 223 | AJ89: =ROUND(S89*AJ$8,0) -> 329 | AK89: =ROUND(T89*AK$8,0) -> 185 | AL89: =ROUND(U89*AL$8,0) -> 408 | AM89: =ROUND(V89*AM$8,0) -> 481 | AN89: =ROUND(W89*AN$8,0) -> 311 | ... AQ89: =ROUND(Z89*AQ$8,0) -> 172 | AR89: =ROUND(O89*AR$8,0) -> 182
A90: CONDIMENT | B90: 000000000068601125 | C90: HLMNS ΚΕΤΣΑΠ 4Χ4ΚΙΛ. | E90: -2.25 | H90: -1.25 | M90: -0.5 | O90: 0 | AC90: =VALUE(TEXT(B90,0)) -> 68601125 | AD90: {=ROUND(AVERAGE(AP90:AR90/25),0)} -> 0 | AE90: {=ROUND(AVERAGE(AM90:AR90/25),0)} -> 0 | AG90: =ROUND(P90*AG$8,0) -> 0 | AH90: =ROUND(Q90*AH$8,0) -> 0 | AI90: =ROUND(R90*AI$8,0) -> 0 | AJ90: =ROUND(S90*AJ$8,0) -> 0 | AK90: =ROUND(T90*AK$8,0) -> 0 | AL90: =ROUND(U90*AL$8,0) -> 0 | AM90: =ROUND(V90*AM$8,0) -> 0 | AN90: =ROUND(W90*AN$8,0) -> 0 | ... AQ90: =ROUND(Z90*AQ$8,0) -> 0 | AR90: =ROUND(O90*AR$8,0) -> 0
A91: CONDIMENT | B91: 000000000068608109 | C91: HLMNS BINΕΓΚΡΕΤ ΒΑΣΙΛΙΚΟΥ FS 6Χ1ΛIT | D91: 7 | E91: 38 | F91: 31 | G91: 38 | H91: 19 | I91: 21 | J91: 69 | K91: 29 | L91: 52 | M91: 24 | N91: 33 | O91: 72 | P91: 26 | Q91: 13 | R91: 15 | S91: 36 | T91: 34 | U91: 20 | V91: 40 | W91: 40 | X91: 16 | Y91: 35 | Z91: 8 | AC91: =VALUE(TEXT(B91,0)) -> 68608109 | AD91: {=ROUND(AVERAGE(AP91:AR91/25),0)} -> 2 | AE91: {=ROUND(AVERAGE(AM91:AR91/25),0)} -> 1 | AG91: =ROUND(P91*AG$8,0) -> 26 | AH91: =ROUND(Q91*AH$8,0) -> 13 | AI91: =ROUND(R91*AI$8,0) -> 15 | AJ91: =ROUND(S91*AJ$8,0) -> 36 | AK91: =ROUND(T91*AK$8,0) -> 34 | AL91: =ROUND(U91*AL$8,0) -> 20 | AM91: =ROUND(V91*AM$8,0) -> 40 | AN91: =ROUND(W91*AN$8,0) -> 40 | ... AQ91: =ROUND(Z91*AQ$8,0) -> 8 | AR91: =ROUND(O91*AR$8,0) -> 72
A92: CONDIMENT | B92: 000000000068618703 | C92: HELLMANNS ΑΝΑΠΛΗΡΩΜΑ ΜΑΓΙΟΝΕΖΑΣ 1Χ5Λ | D92: 6099 | E92: 7172 | F92: 7041 | G92: 10479 | H92: 8946 | I92: 13205 | J92: 12768 | K92: 11411 | L92: 5400 | M92: -9 | N92: -14 | O92: -3 | Q92: -1 | S92: 0 | T92: -33 | V92: 0 | X92: 0 | Y92: -1 | AC92: =VALUE(TEXT(B92,0)) -> 68618703 | AD92: {=ROUND(AVERAGE(AP92:AR92/25),0)} -> 0 | AE92: {=ROUND(AVERAGE(AM92:AR92/25),0)} -> 0 | AG92: =ROUND(P92*AG$8,0) -> 0 | AH92: =ROUND(Q92*AH$8,0) -> -1 | AI92: =ROUND(R92*AI$8,0) -> 0 | AJ92: =ROUND(S92*AJ$8,0) -> 0 | AK92: =ROUND(T92*AK$8,0) -> -33 | AL92: =ROUND(U92*AL$8,0) -> 0 | AM92: =ROUND(V92*AM$8,0) -> 0 | AN92: =ROUND(W92*AN$8,0) -> 0 | ... AQ92: =ROUND(Z92*AQ$8,0) -> 0 | AR92: =ROUND(O92*AR$8,0) -> -3
A93: CONDIMENT | B93: 000000000068770058 | C93: HELLMAN'S ΜΑΓΙΟΝΕΖΑ 1Χ2 ΛΙΤΡΑ BUCKET | D93: 668 | E93: 997 | F93: 759 | G93: 1283 | H93: 0 | I93: 0 | L93: 0 | M93: 0 | O93: 0 | Y93: -1 | AC93: =VALUE(TEXT(B93,0)) -> 68770058 | AD93: {=ROUND(AVERAGE(AP93:AR93/25),0)} -> 0 | AE93: {=ROUND(AVERAGE(AM93:AR93/25),0)} -> 0 | AG93: =ROUND(P93*AG$8,0) -> 0 | AH93: =ROUND(Q93*AH$8,0) -> 0 | AI93: =ROUND(R93*AI$8,0) -> 0 | AJ93: =ROUND(S93*AJ$8,0) -> 0 | AK93: =ROUND(T93*AK$8,0) -> 0 | AL93: =ROUND(U93*AL$8,0) -> 0 | AM93: =ROUND(V93*AM$8,0) -> 0 | AN93: =ROUND(W93*AN$8,0) -> 0 | ... AQ93: =ROUND(Z93*AQ$8,0) -> 0 | AR93: =ROUND(O93*AR$8,0) -> 0
A94: CONDIMENT | B94: 000000000068818167 | C94: HELLMANNS ΣΑΛΤΣΑ AVOCADO 8X250ML | D94: 2 | E94: 14 | F94: 5 | H94: 1 | J94: 2 | K94: 2 | L94: 1 | N94: 1 | O94: 2 | Q94: 1 | S94: 7 | W94: 2 | Y94: 2 | Z94: 2 | AC94: =VALUE(TEXT(B94,0)) -> 68818167 | AD94: {=ROUND(AVERAGE(AP94:AR94/25),0)} -> 0 | AE94: {=ROUND(AVERAGE(AM94:AR94/25),0)} -> 0 | AG94: =ROUND(P94*AG$8,0) -> 0 | AH94: =ROUND(Q94*AH$8,0) -> 1 | AI94: =ROUND(R94*AI$8,0) -> 0 | AJ94: =ROUND(S94*AJ$8,0) -> 7 | AK94: =ROUND(T94*AK$8,0) -> 0 | AL94: =ROUND(U94*AL$8,0) -> 0 | AM94: =ROUND(V94*AM$8,0) -> 0 | AN94: =ROUND(W94*AN$8,0) -> 2 | ... AQ94: =ROUND(Z94*AQ$8,0) -> 2 | AR94: =ROUND(O94*AR$8,0) -> 2
A95: CONDIMENT | B95: 000000000069681118 | C95: HELLMANN’S ΜΑΓΙΟΝ XLIGHT ΤΟΠΝΤΑ 8x430ML | F95: 1 | AC95: =VALUE(TEXT(B95,0)) -> 69681118 | AD95: {=ROUND(AVERAGE(AP95:AR95/25),0)} -> 0 | AE95: {=ROUND(AVERAGE(AM95:AR95/25),0)} -> 0 | AG95: =ROUND(P95*AG$8,0) -> 0 | AH95: =ROUND(Q95*AH$8,0) -> 0 | AI95: =ROUND(R95*AI$8,0) -> 0 | AJ95: =ROUND(S95*AJ$8,0) -> 0 | AK95: =ROUND(T95*AK$8,0) -> 0 | AL95: =ROUND(U95*AL$8,0) -> 0 | AM95: =ROUND(V95*AM$8,0) -> 0 | AN95: =ROUND(W95*AN$8,0) -> 0 | ... AQ95: =ROUND(Z95*AQ$8,0) -> 0 | AR95: =ROUND(O95*AR$8,0) -> 0
A96: CONDIMENT | B96: 000000000069726352 | C96: HELLMANN’S ΚΕΤΣΑΠ ΣΤΕΒΙΑ 12X520 ΓΡ | E96: 10 | G96: 35 | L96: 10 | M96: 10 | N96: 10 | O96: 16 | P96: 11 | Q96: 20 | R96: 60 | W96: 10 | X96: 11 | Y96: 36 | AC96: =VALUE(TEXT(B96,0)) -> 69726352 | AD96: {=ROUND(AVERAGE(AP96:AR96/25),0)} -> 1 | AE96: {=ROUND(AVERAGE(AM96:AR96/25),0)} -> 0 | AG96: =ROUND(P96*AG$8,0) -> 11 | AH96: =ROUND(Q96*AH$8,0) -> 20 | AI96: =ROUND(R96*AI$8,0) -> 60 | AJ96: =ROUND(S96*AJ$8,0) -> 0 | AK96: =ROUND(T96*AK$8,0) -> 0 | AL96: =ROUND(U96*AL$8,0) -> 0 | AM96: =ROUND(V96*AM$8,0) -> 0 | AN96: =ROUND(W96*AN$8,0) -> 10 | ... AQ96: =ROUND(Z96*AQ$8,0) -> 0 | AR96: =ROUND(O96*AR$8,0) -> 16
A97: CONDIMENT | B97: 000000000069726501 | C97: HELLMANN’S ΜΑΓΙΟ ΡΙΑΛ ΤΟΠΝΤΑΟΥΝ 8Χ430ml | D97: 6 | E97: 25 | F97: 58 | G97: 16 | H97: 45 | I97: 22 | J97: 47 | K97: 26 | L97: 39 | M97: 16 | N97: 11 | O97: 20 | P97: 8 | Q97: 67 | R97: 55 | S97: 43 | T97: 35 | U97: 25 | V97: 34 | W97: 40 | X97: 18 | Y97: 16 | Z97: 5 | AC97: =VALUE(TEXT(B97,0)) -> 69726501 | AD97: {=ROUND(AVERAGE(AP97:AR97/25),0)} -> 1 | AE97: {=ROUND(AVERAGE(AM97:AR97/25),0)} -> 1 | AG97: =ROUND(P97*AG$8,0) -> 8 | AH97: =ROUND(Q97*AH$8,0) -> 67 | AI97: =ROUND(R97*AI$8,0) -> 55 | AJ97: =ROUND(S97*AJ$8,0) -> 43 | AK97: =ROUND(T97*AK$8,0) -> 35 | AL97: =ROUND(U97*AL$8,0) -> 25 | AM97: =ROUND(V97*AM$8,0) -> 34 | AN97: =ROUND(W97*AN$8,0) -> 40 | ... AQ97: =ROUND(Z97*AQ$8,0) -> 5 | AR97: =ROUND(O97*AR$8,0) -> 20
A98: CONDIMENT | B98: 000000000069732307 | C98: HELLMANN’S ΚΕΤΣΑΠ ΣΚΟΥΗΖΥ 12X540 ΓΡ | D98: 24 | E98: 38 | F98: 67 | G98: 73 | H98: 97 | I98: 57 | J98: 68 | K98: 41 | L98: 58 | M98: 22 | N98: 35 | O98: 37 | P98: 27 | Q98: 23 | R98: 53 | S98: 55 | T98: 50 | U98: 67 | V98: 66 | W98: 22 | X98: 22 | Y98: 28 | Z98: 22 | AC98: =VALUE(TEXT(B98,0)) -> 69732307 | AD98: {=ROUND(AVERAGE(AP98:AR98/25),0)} -> 1 | AE98: {=ROUND(AVERAGE(AM98:AR98/25),0)} -> 1 | AG98: =ROUND(P98*AG$8,0) -> 27 | AH98: =ROUND(Q98*AH$8,0) -> 23 | AI98: =ROUND(R98*AI$8,0) -> 53 | AJ98: =ROUND(S98*AJ$8,0) -> 55 | AK98: =ROUND(T98*AK$8,0) -> 50 | AL98: =ROUND(U98*AL$8,0) -> 67 | AM98: =ROUND(V98*AM$8,0) -> 66 | AN98: =ROUND(W98*AN$8,0) -> 22 | ... AQ98: =ROUND(Z98*AQ$8,0) -> 22 | AR98: =ROUND(O98*AR$8,0) -> 37
A99: CONDIMENT | B99: 000000000069773296 | C99: Hellmanns Delicate 1x5 Buc | D99: 1305 | E99: 1317 | F99: 1217 | G99: 337 | L99: -33 | O99: 0 | AC99: =VALUE(TEXT(B99,0)) -> 69773296 | AD99: {=ROUND(AVERAGE(AP99:AR99/25),0)} -> 0 | AE99: {=ROUND(AVERAGE(AM99:AR99/25),0)} -> 0 | AG99: =ROUND(P99*AG$8,0) -> 0 | AH99: =ROUND(Q99*AH$8,0) -> 0 | AI99: =ROUND(R99*AI$8,0) -> 0 | AJ99: =ROUND(S99*AJ$8,0) -> 0 | AK99: =ROUND(T99*AK$8,0) -> 0 | AL99: =ROUND(U99*AL$8,0) -> 0 | AM99: =ROUND(V99*AM$8,0) -> 0 | AN99: =ROUND(W99*AN$8,0) -> 0 | ... AQ99: =ROUND(Z99*AQ$8,0) -> 0 | AR99: =ROUND(O99*AR$8,0) -> 0
A100: COOKING AID | B100: 000000000011140704 | C100: KNORR ΚΡΕΜΜΥΔΟΣΟΥΠΑ 6Χ565G | D100: 1 | E100: 20 | F100: 115 | G100: 89 | H100: 95 | I100: 75 | J100: 73 | K100: 40 | L100: 58 | N100: 1 | O100: 51 | P100: 30 | Q100: 46 | R100: 76 | S100: 112 | T100: 110 | U100: 82 | V100: 62 | W100: 76 | X100: 30 | Y100: 6 | Z100: 4 | AC100: =VALUE(TEXT(B100,0)) -> 11140704 | AD100: {=ROUND(AVERAGE(AP100:AR100/25),0)} -> 1 | AE100: {=ROUND(AVERAGE(AM100:AR100/25),0)} -> 2 | AG100: =ROUND(P100*AG$8,0) -> 30 | AH100: =ROUND(Q100*AH$8,0) -> 46 | AI100: =ROUND(R100*AI$8,0) -> 76 | AJ100: =ROUND(S100*AJ$8,0) -> 112 | AK100: =ROUND(T100*AK$8,0) -> 110 | AL100: =ROUND(U100*AL$8,0) -> 82 | AM100: =ROUND(V100*AM$8,0) -> 62 | AN100: =ROUND(W100*AN$8,0) -> 76 | ... AQ100: =ROUND(Z100*AQ$8,0) -> 4 | AR100: =ROUND(O100*AR$8,0) -> 51
...

Sheet MRDRS Mapping
A3: Κατηγορία | B3: Trade | C3: MRDR | D3: ΠΕΡΙΓΡΑΦΗ ΠΡΟΪΟΝΤΟΣ | F3: Tot.SL | G3: SL Ind. | H3: Tot.SL | I3: SL Ind. | J3: Κατηγορία
A4: ΖΩΜΟΙ | B4: 22010602 | C4: 22010602 | D4: KNORROX ΖΩΜΟΣ ΚΟΤΑΣ 1x7 ΚΙΛ. | F4: 18 | G4: M | H4: 548 | I4: D | J4: ΖΩΜΟΙ | K4: =VLOOKUP(C4,#REF!,1,0) -> #REF!
A5: ΖΩΜΟΙ | B5: 12011702 | C5: 12011702 | D5: KNORR ΖΩΜΟΣ ΚΟΤΑΣ 1*4Κ | F5: 18 | G5: M | H5: 548 | I5: D | J5: ΖΩΜΟΙ | K5: =VLOOKUP(C5,#REF!,1,0) -> #REF!
A6: ΖΩΜΟΙ | B6: 39631001 | C6: 39631001 | D6: KNORR ΖΩΜΟΣ ΚΟΤΑΣ 6*1,2Κ | F6: 18 | G6: M | H6: 548 | I6: D | J6: ΖΩΜΟΙ | K6: =VLOOKUP(C6,#REF!,1,0) -> #REF!
A7: ΖΩΜΟΙ | B7: 19522701 | C7: 19522701 | D7: KN ΕΠΑΓΓΕΛΜΑΤΙΚΟΣ ΖΩΜΟΣ ΚΟΤΟΠΟΥΛΟ2X800ΓΡ | F7: 12 | G7: M | H7: 365 | I7: D | J7: ΖΩΜΟΙ | K7: =VLOOKUP(C7,#REF!,1,0) -> #REF!
A8: ΖΩΜΟΙ | B8: 29256601 | C8: 29256601 | D8: KNORR ΖΩΜΟΣ ΚΟΤΑΣ ΣΕ ΚΟΚΚΟΥΣ 6Χ1 ΚΙΛ | F8: 15 | G8: M | H8: 456 | I8: D | J8: ΖΩΜΟΙ
A9: ΖΩΜΟΙ | B9: 68764357 | C9: 68764357 | D9: KN ΖΩΜΟΣ ΒΟΔΙΝΟΥ 1x7 ΚΙΛ. | F9: 18 | G9: M | H9: 548 | I9: D | J9: ΖΩΜΟΙ | K9: =VLOOKUP(C9,#REF!,1,0) -> #REF!
A10: ΖΩΜΟΙ | B10: 12011802 | C10: 12011802 | D10: KNORR ΖΩΜΟΣ ΒΟΔΙΝΟΥ 1X4 ΚΙΛ. | F10: 18 | G10: M | H10: 548 | I10: D | J10: ΖΩΜΟΙ | K10: =VLOOKUP(C10,#REF!,1,0) -> #REF!
A11: ΖΩΜΟΙ | B11: 19630701 | C11: 19630701 | D11: KNORR ΖΩΜΟΣ ΒΟΔΙΝΟΥ 6x1,2ΚΙΛ | F11: 18 | G11: M | H11: 548 | I11: D | J11: ΖΩΜΟΙ | K11: =VLOOKUP(C11,#REF!,1,0) -> #REF!
A12: ΖΩΜΟΙ | B12: 19502801 | C12: 68448698 | D12: KN ΕΠΑΓΓΕΛΜΑΤΙΚΟΣ ΖΩΜΟΣ ΒΟΔΙΝΟΥ 2X800G | F12: 12 | G12: M | H12: 365 | I12: D | J12: ΖΩΜΟΙ | K12: =VLOOKUP(C12,#REF!,1,0) -> #REF!
A13: ΖΩΜΟΙ | B13: 22011902 | C13: 68760225 | D13: KNORR ΖΩΜΟΣ ΛΑΧΑΝΙΚΩΝ 1Χ4Κ | F13: 18 | G13: M | H13: 548 | I13: D | J13: ΖΩΜΟΙ | K13: =VLOOKUP(C13,#REF!,1,0) -> #REF!
A14: ΖΩΜΟΙ | B14: 68770074 | C14: 68770074 | D14: KNORR ΖΩΜOΣ ΛΑΧΑΝΙΚΩΝ 6Χ1,5 ΚΙΛ | F14: 18 | G14: M | H14: 548 | I14: D | J14: ΖΩΜΟΙ | K14: =VLOOKUP(C14,#REF!,1,0) -> #REF!
A15: ΖΩΜΟΙ | B15: 68768919 | C15: 68768919 | D15: KNORR ΖΩΜΟΣ ΛΑΧΑΝ ΣΕ ΣΚΟΝΗ 6Χ1,25 ΚΙΛ | F15: 18 | G15: M | H15: 548 | I15: D | J15: ΖΩΜΟΙ | K15: =VLOOKUP(C15,#REF!,1,0) -> #REF!
A16: ΖΩΜΟΙ | B16: 19503901 | C16: 68448709 | D16: KN ΕΠΑΓΓΕΛΜΑΤΙΚΟΣ ΖΩΜΟΣ ΛΑΧΑΝΙΚΩΝ 2X800ΓΡ | F16: 12 | G16: M | H16: 365 | I16: D | J16: ΖΩΜΟΙ | K16: =VLOOKUP(C16,#REF!,1,0) -> #REF!
A17: ΖΩΜΟΙ | B17: 11336407 | C17: 68729734 | D17: KNORR ΖΩΜΟΣ ΣΑΦΡΑΝ 2Χ0,8 ΚΙΛ. | F17: 18 | G17: M | H17: 548 | I17: D | J17: ΖΩΜΟΙ | K17: =VLOOKUP(C17,#REF!,1,0) -> #REF!
A18: ΖΩΜΟΙ | B18: 17253001 | C18: 17253003 | D18: KNORR ΖΩΜΟΣ ΨΑΡΙΟΥ 3X1 KIΛΟ | F18: 18 | G18: M | H18: 548 | I18: D | J18: ΖΩΜΟΙ | K18: =VLOOKUP(C18,#REF!,1,0) -> #REF!
A19: ΖΩΜΟΙ | B19: 29603001 | C19: 29603001 | D19: ΚΝORR ΥΓΡΟΣ ΖΩΜΟΣ ΟΣΤΡΑΚΟΕΙΔΩΝ 6Χ1L | F19: 12 | G19: M | H19: 365 | I19: D | J19: ΖΩΜΟΙ | K19: =VLOOKUP(C19,#REF!,1,0) -> #REF!
A20: ΖΩΜΟΙ | B20: 67251853 | C20: 67251853 | D20: KNORR ΥΓΡΟΣ ΖΩΜΟΣ ΚΟΤΟΠΟΥΛΟΥ 8X1L | F20: 12 | G20: M | H20: 365 | I20: D | J20: ΖΩΜΟΙ
A21: ΖΩΜΟΙ | B21: 67251848 | C21: 67251848 | D21: KNORR ΥΓΡΟΣ ΖΩΜΟΣ ΜΟΣΧΑΡΙ 8X1L | F21: 12 | G21: M | H21: 365 | I21: D | J21: ΖΩΜΟΙ
A22: ΖΩΜΟΙ | B22: 18928001 | C22: 68660152 | D22: KNORR 123 ΖΩΜΟΣ ΜΕ ΓΕΥΣΗ ΚΟΤΑ 1Χ3,5KG | F22: 15 | G22: M | H22: 456 | I22: D | J22: ΖΩΜΟΙ | K22: =VLOOKUP(C22,#REF!,1,0) -> #REF!
A23: ΖΩΜΟΙ | B23: 10003604 | C23: 68731560 | D23: KNORR ΖΩΜΟΣ ΜΑΝΙΤΑΡΙ ΜΕ PORCINI 6X0,5 ΚΙΛ | F23: 18 | G23: M | H23: 548 | I23: D | J23: ΖΩΜΟΙ | K23: =VLOOKUP(C23,#REF!,1,0) -> #REF!
A24: ΖΩΜΟΙ | B24: 68755990 | C24: 68755990 | D24: ΚΝ ΖΩΜΟΣ ΚΟΤΑΣ ΣΕ ΣΚΟΝΗ 6Χ1 ΚΙΛ. | F24: 15 | G24: M | H24: 456 | I24: D | J24: ΖΩΜΟΙ | K24: =VLOOKUP(C24,#REF!,1,0) -> #REF!
A25: ΖΩΜΟΙ | B25: 68768919 | C25: 68768919 | D25: KNORR ΖΩΜΟΣ ΛΑΧΑΝ ΣΕ ΣΚΟΝΗ 6Χ1,25 ΚΙΛ | F25: 18 | G25: M | H25: 548 | I25: D | J25: ΖΩΜΟΙ | K25: =VLOOKUP(C25,#REF!,1,0) -> #REF!
A26: ΖΩΜΟΙ | B26: 68703091 | C26: 68703091 | D26: KN ΖΩΜΟΣ ΓΕΥΣΗ ΒΟΔΙΝΟΥ ΣΕ ΣΚΟΝΗ1Χ3,5 ΚΙΛ | F26: 18 | G26: M | H26: 548 | I26: D | J26: ΖΩΜΟΙ | K26: =VLOOKUP(C26,#REF!,1,0) -> #REF!
A27: ΖΩΜΟΙ | B27: 68703091 | C27: 68703091 | D27: KN ΖΩΜΟΣ ΓΕΥΣΗ ΒΟΔΙΝΟΥ ΣΕ ΣΚΟΝΗ1Χ3,5 ΚΙΛ | F27: 18 | G27: M | H27: 548 | I27: D | J27: ΖΩΜΟΙ | K27: =VLOOKUP(C27,#REF!,1,0) -> #REF!
A28: ΖΩΜΟΙ | B28: 68660152 | C28: 68660152 | D28: KN ΖΩΜΟΣ ΓΕΥΣΗ ΚΟΤΑ ΣΕ ΣΚΟΝΗ 1X3,5 KΙΛ | F28: 15 | G28: M | H28: 456 | I28: D | J28: ΖΩΜΟΙ | K28: =VLOOKUP(C28,#REF!,1,0) -> #REF!
A29: SEASONINGS | B29: T20310 | C29: 68448695 | D29: KNORR PRIMERBA ΜΠΟΥΚΕΤΟ ΜΥΡΩΔΙΚΩΝ ΤΟΥ ΑΓΡΟΥ 2 x 340ΓΡ. | F29: 365 | G29: D | H29: 365 | I29: D | J29: SEASONINGS | K29: =VLOOKUP(C29,#REF!,1,0) -> #REF!
A30: SEASONINGS | B30: T20325 | C30: 17193301 | D30: KNORR PRIMERBA ΠΑΣΤΑ ΘΥΜΑΡΙ 2×340 ΓΡ. | F30: 365 | G30: D | H30: 365 | I30: D | J30: SEASONINGS | K30: =VLOOKUP(C30,#REF!,1,0) -> #REF!
A31: SEASONINGS | B31: 64303966 | C31: 64303966 | D31: KNORR PRIMERBA ΠΕΣΤΟ ΜΕ ΚΟΥΚΟΥΝΑΡΙ 2×340ΓΡ. | F31: 365 | G31: D | H31: 365 | I31: D | J31: SEASONINGS | K31: =VLOOKUP(C31,#REF!,1,0) -> #REF!
A32: SEASONINGS | B32: T20324 | C32: 17193401 | D32: KNORR PRIMERBA ΠΑΣΤΑ ΒΑΣΙΛΙΚΟΥ 2×340 ΓΡ. | F32: 365 | G32: D | H32: 365 | I32: D | J32: SEASONINGS | K32: =VLOOKUP(C32,#REF!,1,0) -> #REF!
A33: SEASONINGS | B33: 67463898 | C33: 64303850 | D33: KNORR PRIMERBA ΠΑΣΤΑ ΜΑΝΙΤΑΡΙ 2Χ340 ΓΡ | F33: 365 | G33: D | H33: 366 | I33: D | J33: SEASONINGS | K33: =VLOOKUP(C33,#REF!,1,0) -> #REF!
A34: SEASONINGS | B34: T20327 | C34: 17193101 | D34: KNORR PRIMERBA ΠΑΣΤΑ ΔΕΝΔΡΟΛΙΒΑΝΟ 2×340ΓΡ. | F34: 365 | G34: D | H34: 365 | I34: D | J34: SEASONINGS | K34: =VLOOKUP(C34,#REF!,1,0) -> #REF!
A35: SEASONINGS | B35: 13072002 | C35: 13072002 | D35: KNORR PRIMERBA ΠΑΣΤΑ ΑΝΗΘΟΣ 2×340 ΓΡ. | F35: 365 | G35: D | H35: 365 | I35: D | J35: SEASONINGS
A36: SEASONINGS | B36: T20326 | C36: 17193201 | D36: KNORR PRIMERBA ΠΑΣΤΑ ΣΚΟΡΔΟ 2×340 ΓΡ. | F36: 365 | G36: D | H36: 365 | I36: D | J36: SEASONINGS | K36: =VLOOKUP(C36,#REF!,1,0) -> #REF!
A37: SEASONINGS | B37: 68706527 | C37: 68706527 | D37: KNORR PRIMERBA PESTO ROSSO ΜΕ ΤΟΜΑΤΑ & ΒΑΣΙΛΙΚΟ 2X340gr | F37: 365 | G37: D | H37: 365 | I37: D | J37: SEASONINGS | K37: =VLOOKUP(C37,#REF!,1,0) -> #REF!
A38: SEASONINGS | B38: T20329 | C38: 81334801 | D38: KNORR PRIMERBA ΨΗΜΕΝΟ ΚΡΕΜΜΥΔΙ 2Χ340 ΓΡ. | F38: 365 | G38: D | H38: 365 | I38: D | J38: SEASONINGS | K38: =VLOOKUP(C38,#REF!,1,0) -> #REF!
A39: SEASONINGS | B39: 19513602 | C39: 19513602 | D39: KNORR ΑΡΩΜΑΤ 6X500ΓΡ | F39: 18 | G39: M | H39: 548 | I39: D | J39: SEASONINGS | K39: =VLOOKUP(C39,#REF!,1,0) -> #REF!
A40: ΣΑΛΤΣΕΣ | B40: 16869301 | C40: 16869301 | D40: KNORR ΣΑΛΤΣΑ ΚΑΡΡΥ 6Χ1400ΓΡ | F40: 18 | G40: M | H40: 548 | I40: D | J40: ΣΑΛΤΣΕΣ | K40: =VLOOKUP(C40,#REF!,1,0) -> #REF!
A41: ΣΑΛΤΣΕΣ | B41: 6404803 | C41: 64882125 | D41: KNORR ΣΑΛΤΣΑ ΗOLLANDAISE 6X825ΓΡ | F41: 12 | G41: M | H41: 365 | I41: D | J41: ΣΑΛΤΣΕΣ | K41: =VLOOKUP(C41,#REF!,1,0) -> #REF!
A42: ΣΑΛΤΣΕΣ | B42: 16866501 | C42: 16866501 | D42: KNORR ΣΑΛΤΣΑ ΜΠΕΑΡΝΑΙΖ 6Χ900 ΓΡ | F42: 12 | G42: M | H42: 365 | I42: D | J42: ΣΑΛΤΣΕΣ | K42: =VLOOKUP(C42,#REF!,1,0) -> #REF!
A43: ΣΑΛΤΣΕΣ | B43: 27184701 | C43: 67738206 | D43: KNORR ΣΑΛΤΣΑ ΝΤΕΜΙ ΓΚΛΑΣ 6Χ1,2 ΚΙΛ | F43: 18 | G43: M | H43: 548 | I43: D | J43: ΣΑΛΤΣΕΣ | K43: =VLOOKUP(C43,#REF!,1,0) -> #REF!
A44: ΣΑΛΤΣΕΣ | B44: 27275201 | C44: 67738211 | D44: KNORR ΣΑΛΤΣΑ ΝΤΕΜΙ ΓΚΛΑΣ 1Χ4 ΚΙΛ | F44: 18 | G44: M | H44: 548 | I44: D | J44: ΣΑΛΤΣΕΣ | K44: =VLOOKUP(C44,#REF!,1,0) -> #REF!
A45: ΣΑΛΤΣΕΣ | B45: 68636654 | C45: 69996173 | D45: KNORR ΣΑΛΤΣΑ ΠΙΠΕΡΙΟΥ 6Χ1,2ΚΙΛ | F45: 18 | G45: M | H45: 548 | I45: D | J45: ΣΑΛΤΣΕΣ | K45: =VLOOKUP(C45,#REF!,1,0) -> #REF!
A46: ΣΑΛΤΣΕΣ | B46: 24790301 | C46: 14790302 | D46: KNORR ΣΑΛΤΣΑ ΜΑΔΕΡΑ 6Χ800ΓΡ | F46: 12 | G46: M | H46: 365 | I46: D | J46: ΣΑΛΤΣΕΣ | K46: =VLOOKUP(C46,#REF!,1,0) -> #REF!
A47: ΣΑΛΤΣΕΣ | B47: 16164101 | C47: 16164101 | D47: KNORR ΣΑΛΤΣΑ ΚΑΡΜΠΟΝΑΡΑ 6Χ1ΚΙΛ | F47: 15 | G47: M | H47: 456 | I47: D | J47: ΣΑΛΤΣΕΣ | K47: =VLOOKUP(C47,#REF!,1,0) -> #REF!
A48: ΣΑΛΤΣΕΣ | B48: 26695601 | C48: 16695603 | D48: KNORR ΣΑΛΤΣΑ 4 ΤΥΡΙΑ 6Χ775 ΓΡ | F48: 15 | G48: M | H48: 456 | I48: D | J48: ΣΑΛΤΣΕΣ | K48: =VLOOKUP(C48,#REF!,1,0) -> #REF!
A49: ΣΑΛΤΣΕΣ | B49: 16869701 | C49: 67751196 | D49: KNORR ΣΑΛΤΣΑ ΜΠΡΑΤΕΝΖΟΥΣ 6Χ1 ΚΙΛ | F49: 18 | G49: M | H49: 548 | I49: D | J49: ΣΑΛΤΣΕΣ | K49: =VLOOKUP(C49,#REF!,1,0) -> #REF!
A50: ΣΑΛΤΣΕΣ | B50: 25452701 | C50: 15452704 | D50: KNORR ΣΑΛΤΣΑ ΜΠΕΣΑΜΕΛ 3Χ1,05ΚΙΛ | F50: 18 | G50: M | H50: 548 | I50: D | J50: ΣΑΛΤΣΕΣ
A51: ΣΑΛΤΣΕΣ | B51: 68718169 | C51: 62710832 | D51: KN ΣΑΛ.ΤΟΜ ΓΙΑ ΖΥΜ,ΠΙΤΣΑ&ΜΑΓΕΙΡ. 1x10KΙΛ | F51: 24 | G51: M | H51: 720 | I51: D | J51: ΣΑΛΤΣΕΣ | K51: =VLOOKUP(C51,#REF!,1,0) -> #REF!
A52: ΣΑΛΤΣΕΣ | B52: 13091403 | C52: 67577421 | D52: KNORR ΣΑΛΤΣΑ ΤΟΜΑΤΑΣ 1Χ10 ΚΙΛ FS | F52: 15 | G52: M | H52: 456 | I52: D | J52: ΣΑΛΤΣΕΣ | K52: =VLOOKUP(C52,#REF!,1,0) -> #REF!
A53: ΥΓΡΕΣ ΣΑΛΤΣΕΣ | B53: 69577097 | C53: 64397176 | D53: KN PROF DEMI GLACE 5x1L DOY | F53: 12 | G53: M | H53: 365 | I53: D | J53: ΥΓΡΕΣ ΣΑΛΤΣΕΣ | K53: =VLOOKUP(C53,#REF!,1,0) -> #REF!
A54: ΥΓΡΕΣ ΣΑΛΤΣΕΣ | B54: 18536102 | C54: 18536102 | D54: KNORR ΣΑΛΣΑ ΣΑΛΤΣΑ 2 x 2,20 ΛΤ. | F54: 12 | G54: M | H54: 365 | I54: D | J54: ΥΓΡΕΣ ΣΑΛΤΣΕΣ
A55: ΥΓΡΕΣ ΣΑΛΤΣΕΣ | B55: 18535102 | C55: 18535102 | D55: KNORRΣΑΛΤΣΑ ΤΣΙΛΙ 2 x 2,20 ΛΤ. | F55: 12 | G55: M | H55: 365 | I55: D | J55: ΥΓΡΕΣ ΣΑΛΤΣΕΣ
A56: ΥΓΡΕΣ ΣΑΛΤΣΕΣ | B56: 18535702 | C56: 64326137 | D56: KNORR ΜΠΑΡΜΠΕΚΙΟΥ ΣΑΛΤΣΑ 2 x 2,2 ΛΤ. | F56: 12 | G56: M | H56: 365 | I56: D | J56: ΥΓΡΕΣ ΣΑΛΤΣΕΣ | K56: =VLOOKUP(C56,#REF!,1,0) -> #REF!
A57: ΥΓΡΕΣ ΣΑΛΤΣΕΣ | B57: 64313505 | C57: 64766001 | D57: KNORR ΣΑΛΤΣΑ ΚΑΡΡΥ 2 x 2,2 ΛΤ. | F57: 12 | G57: M | H57: 365 | I57: D | J57: ΥΓΡΕΣ ΣΑΛΤΣΕΣ | K57: =VLOOKUP(C57,#REF!,1,0) -> #REF!
A58: ΥΓΡΕΣ ΣΑΛΤΣΕΣ | B58: T20519 | C58: 68558207 | D58: KNORR ΣΑΛΤΣΑ ΑΓΓΛΙΚΗ WORCESTER 6X 1125 ΓΡ. | F58: 36 | G58: M | H58: 1095 | I58: D | J58: ΥΓΡΕΣ ΣΑΛΤΣΕΣ | K58: =VLOOKUP(C58,#REF!,1,0) -> #REF!
A59: ΥΓΡΕΣ ΣΑΛΤΣΕΣ | B59: 67563952 | C59: 67563952 | D59: KNORR ΣΑΛΤΣΑ ΣΟΓΙΑΣ 6Χ1,3 ΚΙΛΑ | F59: 19 | G59: M | H59: 578 | I59: D | J59: ΥΓΡΕΣ ΣΑΛΤΣΕΣ | K59: =VLOOKUP(C59,#REF!,1,0) -> #REF!
A60: WORLD CUISINES | B60: 14413801 | C60: 14413801 | D60: KNORR ΠΙΚΑΝΤΙΚΗ ΣΑΛΤΣΑ ΜΕ ΤΣΙΛΙ 6X1ΛΤ | F60: 12 | G60: M | H60: 365 | I60: D | J60: WORLD CUISINES | K60: =VLOOKUP(C60,#REF!,1,0) -> #REF!
A61: WORLD CUISINES | B61: 14476401 | C61: 67296450 | D61: KNORR ΠΑΣΤΑ ΤΣΙΛΙ 6X920ΓΡ | F61: 2 | G61: Y | H61: 730 | I61: D | J61: WORLD CUISINES
A62: WORLD CUISINES | B62: 67169652 | C62: 67169652 | D62: KNORR ΑΦΥΔΑΤΩΜΕΝΟ ΓΑΛΑ ΚΑΡΥΔΑΣ 6X1KΙΛ | F62: 12 | G62: M | H62: 365 | I62: D | J62: WORLD CUISINES
A63: WORLD CUISINES | B63: 67262251 | C63: 67262251 | D63: KNORR ΓΛΥΚΙΑ ΣΑΛΤΣΑ ΣΟΓΙΑΣ 6X1ΛΤ | F63: 12 | G63: M | H63: 365 | I63: D | J63: WORLD CUISINES
A64: WORLD CUISINES | B64: 67262254 | C64: 67262254 | D64: KN ΠΙΚΑΝΤ.ΣΑΛΤΣΑ ΜΕ ΤΣΙΛΙ,ΣΟΓΙΑ&ΛΑΧ.6Χ1ΛΤ | F64: 12 | G64: M | H64: 365 | I64: D | J64: WORLD CUISINES | K64: =VLOOKUP(C64,#REF!,1,0) -> #REF!
A65: WORLD CUISINES | B65: 67262258 | C65: 67262258 | D65: KN ΠΙΚΑΝΤ.ΣΑΛΤΣΑ ΜΕ ΤΣΙΛΙ,TOMATA 6Χ1ΛΤ | F65: 12 | G65: M | H65: 365 | I65: D | J65: WORLD CUISINES | K65: =VLOOKUP(C65,#REF!,1,0) -> #REF!
A66: WORLD CUISINES | B66: 67418234 | C66: 67418234 | D66: ΚΝΟRR ΣΑΛΤΣΑ ΤΕΡΙΓΙΑΚΙ 6x1,23ΚΙΛ | F66: 12 | G66: M | H66: 365 | I66: D | J66: WORLD CUISINES | K66: =VLOOKUP(C66,#REF!,1,0) -> #REF!
A67: ΣΟΥΠΕΣ | B67: 15196603 | C67: 15196603 | D67: KNORR ΣΟΥΠΑ ΜΑΝΙΤΑΡΙ PORCINI ΚΡΕΜΑ 6X850ΓΡ | F67: 24 | G67: M | H67: 730 | I67: D | J67: ΣΟΥΠΕΣ | K67: =VLOOKUP(C67,#REF!,1,0) -> #REF!
A68: ΣΟΥΠΕΣ | B68: 15859202 | C68: 15859202 | D68: KNORR ΤΟΜΑΤΟΣΟΥΠΑ 6Χ1ΚΛ | F68: 24 | G68: M | H68: 730 | I68: D | J68: ΣΟΥΠΕΣ | K68: =VLOOKUP(C68,#REF!,1,0) -> #REF!
A69: ΣΟΥΠΕΣ | B69: 18696502 | C69: 18696502 | D69: KNORR ΣΠΑΡΑΓΓΟΣΟΥΠΑ ΚΡΕΜΑ 6Χ900ΓΡ | F69: 24 | G69: M | H69: 730 | I69: D | J69: ΣΟΥΠΕΣ | K69: =VLOOKUP(C69,#REF!,1,0) -> #REF!
A70: ΣΟΥΠΕΣ | B70: 11140704 | C70: 11140704 | D70: KNORR ΚΡΕΜΜΥΔΟΣΟΥΠΑ 6Χ565ΓΡ | F70: 18 | G70: M | H70: 548 | I70: D | J70: ΣΟΥΠΕΣ | K70: =VLOOKUP(C70,#REF!,1,0) -> #REF!
A71: ΣΟΥΠΕΣ | B71: 28974101 | C71: 18974102 | D71: KNORR ΣΟΥΠΑ ΚΟΤΑ ΚΡΕΜΑ 6Χ1040 ΓΡ | F71: 18 | G71: M | H71: 548 | I71: D | J71: ΣΟΥΠΕΣ
A72: ΣΟΥΠΕΣ | B72: 67950629 | C72: 69755942 | D72: KNORR ΣΟΥΠΑ MINEΣTΡONE 6X1.045kg | F72: 18 | G72: M | H72: 548 | I72: D | J72: ΣΟΥΠΕΣ | K72: =VLOOKUP(C72,#REF!,1,0) -> #REF!
A73: ΣΟΥΠΕΣ | B73: 10808302 | C73: 10808302 | D73: ΚNORR ΣΟΥΠΑ ΚΡΕΜΑ ΜΕ ΜΠΙΖΕΛΙ 6Χ990ΓΡ | F73: 24 | G73: M | H73: 730 | I73: D | J73: ΣΟΥΠΕΣ
A74: ΜΑΓΙΟΝΕΖΑ | B74: 17160701 | C74: 17160703 | D74: HELLMAN'S ΜΑΓΙΟΝΕΖΑ 6X2 ΛΙΤΡΑ | F74: 330 | G74: D | H74: 330 | I74: D | J74: ΜΑΓΙΟΝΕΖΑ
A75: ΜΑΓΙΟΝΕΖΑ | B75: 68478943 | C75: 68478943 | D75: HELLMAN'S ΜΑΓΙΟΝΕΖΑ 2X2 ΛΙΤΡΑ | F75: 330 | G75: D | H75: 330 | I75: D | J75: ΜΑΓΙΟΝΕΖΑ
A76: ΜΑΓΙΟΝΕΖΑ | B76: 62751906 | C76: 62751906 | D76: HELLMAN'S ΜΑΓΙΟΝΕΖΑ 1Χ2 ΛΙΤΡΑ | F76: 330 | G76: D | H76: 330 | J76: ΜΑΓΙΟΝΕΖΑ | K76: =VLOOKUP(C76,#REF!,1,0) -> #REF!
A77: ΜΑΓΙΟΝΕΖΑ | B77: 22100403 | C77: 64773377 | D77: HLMNS ΜΑΓΙΟΝΕΖΑ REAL 5Λ | F77: 8 | G77: M | H77: 243 | I77: D | J77: ΜΑΓΙΟΝΕΖΑ | K77: =VLOOKUP(C77,#REF!,1,0) -> #REF!
A78: ΜΑΓΙΟΝΕΖΑ | B78: 12101903 | C78: 12101903 | D78: HLMNS ΜΑΓΙΟΝΕΖΑ REAL 5Λ+500ML ΔΩΡΟ | F78: 8 | G78: M | H78: 243 | I78: D | J78: ΜΑΓΙΟΝΕΖΑ
A79: ΜΑΓΙΟΝΕΖΑ | B79: 12100503 | C79: 12100503 | D79: HLMNS ΜΑΓΙΟΝΕΖΑ REAL 10Λ | F79: 8 | G79: M | H79: 243 | I79: D | J79: ΜΑΓΙΟΝΕΖΑ | K79: =VLOOKUP(C79,#REF!,1,0) -> #REF!
A80: ΜΑΓΙΟΝΕΖΑ | B80: 68601128 | C80: 68601128 | D80: HLMNS ΜΑΓΙΟΝΕΖΑ 1Χ3ΚΙΛ. | F80: 9 | G80: M | H80: 274 | I80: D | J80: ΜΑΓΙΟΝΕΖΑ
A81: ΜΑΓΙΟΝΕΖΑ | B81: 67807275 | C81: 67807275 | D81: HELLMANN'S ΜΑΓΙΟΝΕΖΑ ΑΣΚΟΙ 6x2.25KG | F81: 9 | G81: M | H81: 274 | I81: D | J81: ΜΑΓΙΟΝΕΖΑ
A82: ΜΑΓΙΟΝΕΖΑ | B82: 67682357 | C82: 67682357 | D82: HELLMANN'S ΜΕΡΙΔΕΣ ΜΑΓΙΟΝΕΖΑΣ 198x10ML | F82: 270 | G82: D | H82: 270 | I82: D | J82: ΜΑΓΙΟΝΕΖΑ | K82: =VLOOKUP(C82,#REF!,1,0) -> #REF!
A83: ΜΑΓΙΟΝΕΖΑ | B83: 39495401 | C83: 64813343 | D83: HELLMANN’S ΜΑΓΙΟΝΕΖΑ ΜΙΝΙ ΒΑΖ. 1X80X33ML | F83: 12 | G83: M | H83: 365 | I83: D | J83: ΜΑΓΙΟΝΕΖΑ | K83: =VLOOKUP(C83,#REF!,1,0) -> #REF!
A84: ΜΑΓΙΟΝΕΖΑ | B84: 67834890 | C84: 67834890 | D84: HELLMANNS ΜΑΓΙΟΝΕΖΑ ΜΙΝΙ ΒΑΖ.5X(20X33)ML | F84: 12 | G84: M | H84: 365 | I84: D | J84: ΜΑΓΙΟΝΕΖΑ
A85: ΜΑΓΙΟΝΕΖΑ | B85: 67750998 | C85: 67750998 | D85: HLMNS ΑΝΑΠ.ΜΑΓΙΟΝΕΖΑΣ 6Χ820ΓΡ | F85: 9 | G85: M | H85: 274 | I85: D | J85: ΜΑΓΙΟΝΕΖΑ | K85: =VLOOKUP(C85,#REF!,1,0) -> #REF!
A86: ΜΑΓΙΟΝΕΖΑ | B86: 64314621 | C86: 64314621 | D86: HELLMANNS ΑΝΑΠΛΗΡΩΜΑ ΜΑΓΙΟΝΕΖΑΣ 1Χ5Λ | F86: 270 | G86: D | H86: 270 | I86: D | J86: ΜΑΓΙΟΝΕΖΑ | K86: =VLOOKUP(C86,#REF!,1,0) -> #REF!
A87: ΜΑΓΙΟΝΕΖΑ | B87: 64922041 | C87: 64922041 | D87: HELLMANN’S PROFESSIONAL 1X5Λ | F87: 270 | G87: D | H87: 270 | I87: D | J87: ΜΑΓΙΟΝΕΖΑ | K87: =VLOOKUP(C87,#REF!,1,0) -> #REF!
A88: ΜΑΓΙΟΝΕΖΑ | B88: 64308055 | C88: 64308055 | D88: HELLMANN’S VEGAN 1X3Λ | F88: 8 | G88: M | H88: 243 | I88: D | J88: ΜΑΓΙΟΝΕΖΑ | K88: =VLOOKUP(C88,#REF!,1,0) -> #REF!
A89: ΚΕΤΣΑΠ | B89: T21212 | C89: 64928335 | D89: HELLMANN'S ΚΕΤΣΑΠ 3Χ4,8 ΚΙΛ. | F89: 9 | G89: M | H89: 274 | I89: D | J89: ΚΕΤΣΑΠ | K89: =VLOOKUP(C89,#REF!,1,0) -> #REF!
A90: ΚΕΤΣΑΠ | B90: 68601125 | C90: 68601125 | D90: HLMNS ΚΕΤΣΑΠ 4Χ4ΚΙΛ. | F90: 12 | G90: M | H90: 365 | I90: D | J90: ΚΕΤΣΑΠ
A91: ΚΕΤΣΑΠ | B91: 67807262 | C91: 67807262 | D91: HELLMANN'S ΚΕΤΣΑΠ ΑΣΚΟΙ 6x2.5KG | F91: 360 | G91: D | H91: 360 | I91: D | J91: ΚΕΤΣΑΠ
A92: ΚΕΤΣΑΠ | B92: 67682359 | C92: 67682359 | D92: HELLMANN'S ΜΕΡΙΔΕΣ ΚΕΤΣΑΠ 198x10ML | F92: 360 | G92: D | H92: 360 | I92: D | J92: ΚΕΤΣΑΠ | K92: =VLOOKUP(C92,#REF!,1,0) -> #REF!
A93: ΚΕΤΣΑΠ | B93: 19486001 | C93: 64813347 | D93: HELLMANN’S ΚΕΤΣΑΠ MINI ΒΑΖ. 1X80X33ML | F93: 12 | G93: M | H93: 365 | I93: D | J93: ΚΕΤΣΑΠ | K93: =VLOOKUP(C93,#REF!,1,0) -> #REF!
A94: ΚΕΤΣΑΠ | B94: 67751000 | C94: 67751000 | D94: HLMNS ΚΕΤΣΑΠ 6Χ950ΓΡ | F94: 12 | G94: M | H94: 365 | I94: D | J94: ΚΕΤΣΑΠ | K94: =VLOOKUP(C94,#REF!,1,0) -> #REF!
A95: ΚΕΤΣΑΠ | B95: T21223 | C95: 64929594 | D95: HELLMANN'S ΣΑΛΤΣΑ ΓΙΑ ΜΠΑΡΜΠΕΚΙΟΥ 3Χ4,8 ΚΙΛ. | F95: 9 | G95: M | H95: 274 | I95: D | J95: ΚΕΤΣΑΠ | K95: =VLOOKUP(C95,#REF!,1,0) -> #REF!
A96: ΚΕΤΣΑΠ | B96: 67751029 | C96: 67751029 | D96: HLMNS ΣΑΛΤΣΑ ΜΠΑΡΜΠΕΚΙΟΥ 6Χ950ΓΡ | F96: 12 | G96: M | H96: 365 | I96: D | J96: ΚΕΤΣΑΠ | K96: =VLOOKUP(C96,#REF!,1,0) -> #REF!
A97: ΚΕΤΣΑΠ | B97: 67969831 | C97: 67969831 | D97: HELLMANN'S ΜΕΡΙΔΕΣ ΜΠΑΡΜΠΕΚΙΟΥ 198x10ML | F97: 365 | G97: D | H97: 365 | I97: D | J97: ΚΕΤΣΑΠ | K97: =VLOOKUP(C97,#REF!,1,0) -> #REF!
A98: ΜΟΥΣΤΑΡΔΑ | B98: 15940702 | C98: 64773378 | D98: HLMNS ΑΠΑΛΗ ΜΟΥΣΤΑΡΔΑ 4,8ΚΙΛ | F98: 18 | G98: M | H98: 548 | I98: D | J98: ΜΟΥΣΤΑΡΔΑ | K98: =VLOOKUP(C98,#REF!,1,0) -> #REF!
A99: ΜΟΥΣΤΑΡΔΑ | B99: 68601123 | C99: 68601123 | D99: HLMNS ΜΟΥΣΤΑΡΔΑ 4Χ4ΚΙΛ. | F99: 12 | G99: M | H99: 364 | I99: D | J99: ΜΟΥΣΤΑΡΔΑ | K99: =VLOOKUP(C99,#REF!,1,0) -> #REF!
A100: ΜΟΥΣΤΑΡΔΑ | B100: 67807277 | C100: 67807277 | D100: HELLMANN'S ΜΟΥΣΤΑΡΔΑ ΑΣΚΟΙ 6x2.5KG | F100: 12 | G100: M | H100: 365 | I100: D | J100: ΜΟΥΣΤΑΡΔΑ
A101: ΜΟΥΣΤΑΡΔΑ | B101: 67682348 | C101: 67682348 | D101: HELLMANN'S ΜΕΡΙΔΕΣ ΜΟΥΣΤΑΡΔΑΣ 198x10ML | F101: 270 | G101: D | H101: 270 | I101: D | J101: ΜΟΥΣΤΑΡΔΑ | K101: =VLOOKUP(C101,#REF!,1,0) -> #REF!
A102: ΜΟΥΣΤΑΡΔΑ | B102: 19485901 | C102: 64813348 | D102: HELLMANN’S ΜΟΥΣΤΑΡΔΑ ΜΙΝΙ ΒΑΖ. 1X80X33ML | F102: 12 | G102: M | H102: 365 | I102: D | J102: ΜΟΥΣΤΑΡΔΑ | K102: =VLOOKUP(C102,#REF!,1,0) -> #REF!
...

Sheet ObsRiskPerMonth
A1: Sum of Cost of Risk (standard price) | B1: Column Labels
B2: 2021 | C2: 2022 | D2: 2023 | J2: 2023 Total | K2: 2024 | M2: 2024 Total | N2: Grand Total
A3: Row Labels | D3: Ιαν | E3: Φεβ | F3: Μαρ | G3: Απρ | H3: Μαϊ | I3: Ιουν | K3: Ιαν | L3: Φεβ
A4: ΖΩΜΟΙ | B4: 77.544 | C4: 17485.864 | N4: 17563.408
A5: SEASONINGS | C5: 1771.3642 | N5: 1771.3642
A6: ΣΑΛΤΣΕΣ | C6: 12350.845 | N6: 12350.845
A7: ΥΓΡΕΣ ΣΑΛΤΣΕΣ | B7: 854.87711 | C7: 1755.5681 | D7: 55.2735 | J7: 55.2735 | N7: 2665.7187
A8: ΣΟΥΠΕΣ | B8: 15.48 | C8: 1163.6847 | D8: 1377.5024 | F8: 347.476 | G8: 762.45608 | J8: 2487.4345 | N8: 3666.5993
A9: WORLD CUISINES | C9: 21.33 | N9: 21.33
A10: ΜΑΓΙΟΝΕΖΑ | B10: 2238.5068 | C10: 729.52764 | N10: 2968.0344
A11: ΚΕΤΣΑΠ | C11: 636.37087 | N11: 636.37087
A12: ΜΟΥΣΤΑΡΔΑ | C12: 307.98877 | N12: 307.98877
A13: DRESSINGS | B13: 3855.6627 | C13: 0 | N13: 3855.6627
A14: ΣΑΛΤΣΕΣ ΣΑΝΤΟΥΪΤΣ | C14: 911.50222 | N14: 911.50222
A15: ΓΑΡΝΙΤΟΥΡΕΣ | C15: 6981.6757 | F15: 3497.0196 | J15: 3497.0196 | N15: 10478.695
A16: ΒΟΗΘ. ΖΑΧΑΡΟΠΛΑΣΤΙΚΗΣ ΜΑΓΕΙΡΙΚΗΣ | C16: 37.702222 | E16: 169.68 | F16: 339.36 | J16: 509.04 | K16: 401.41194 | L16: 794.10139 | M16: 1195.5133 | N16: 1742.2556
A17: ΤΟΜΑΤΟΕΙΔΗ | C17: 122.356 | N17: 122.356
A18: CARTE DOR BUFFET | C18: 6959.1162 | N18: 6959.1162
A19: ΕΠΙΔΟΡΠΙΑ | B19: 1063.94 | C19: 2899.2451 | N19: 3963.1851
A20: ΣΙΡΟΠΙΑ | C20: 2269.2677 | E20: 496.1484 | J20: 496.1484 | N20: 2765.4161
A21: LIPTON ΤΣΑΪ | B21: 0 | C21: 178.75167 | D21: 73.858535 | E21: 523.19623 | F21: 420.45171 | H21: 3.3398148 | I21: 343.97074 | J21: 1364.817 | N21: 1543.5687
A22: LIPTON ΠΥΡΑΜΙΔΑ | B22: 0 | C22: 231.55237 | D22: 183.27286 | J22: 183.27286 | N22: 414.82523
A23: Grand Total | B23: 8106.0106 | C23: 56813.713 | D23: 1689.9073 | E23: 1189.0246 | F23: 4604.3073 | G23: 762.45608 | H23: 3.3398148 | I23: 343.97074 | J23: 8593.0059 | K23: 401.41194 | L23: 794.10139 | M23: 1195.5133 | N23: 74708.243

Sheet ObsRiskPivot
A1: Material | B1: (All)
A3: Category | B3: Description | C3: Batch | D3: Unrestricted stock | E3: Stock Days | F3: Days till SSL | G3: Sum of Final Obsolete Risk | H3: Cost of Risk (standard price)
A4: ΖΩΜΟΙ | B4: KN BOU FO LIQ SHELFISH 6X1L BOT ES IT GR | D4: 98 | E4: 98 | F4: 744 | G4: 33 | H4: 1032.84
B5: KN BOUIL BEEF 1X3.5KG BUC EB PL GR HU-s | D5: 382 | E5: 75 | F5: 2704 | G5: 61 | H5: 454.03463
B6: KN BOUILLON MUSHROOM 6X500G ECO EB IT GR | D6: 10 | E6: 10 | F6: 348 | G6: 0 | H6: 0
B7: KN DSO BROTH VEG 6X1.15KG ECO EB IT GR | D7: 83 | E7: 21 | F7: 1995 | G7: 13 | H7: 138.01794
B8: KN DSO CHICKEN BROTH 6X1KG ECO EB GR | D8: 129 | E8: 43 | F8: 1348 | G8: 36 | H8: 732.48
B9: KN FOND FISH PASTY 3X1KG ECO EB AT-r | D9: 0 | E9: 0 | F9: 450 | G9: 0 | H9: 0
B10: KN PAS BOUI CHICK 1X3.5KG BUC EB GR DS | D10: 1003 | E10: 55 | F10: 5091 | G10: 51 | H10: 313.59365
B11: KN PAS BOUIL BEEF 1X4KG BUC EB GR | D11: 502 | E11: 33 | F11: 3701 | G11: 30 | H11: 337.20308
B12: KN PAS BOUIL BEEF 6X1.2KG ECO EB GR | D12: 173 | E12: 173 | F12: 2186 | G12: 128 | H12: 2649.7727
B13: KN PAS BOUIL CHICKEN 1X4KG BUC EB GR | D13: 2274 | E13: 76 | F13: 12858 | G13: 72 | H13: 421.77021
B14: KN PAS BOUIL CHICKEN 6X1.2KG ECO EB GR | D14: 313 | E14: 56 | F14: 3870 | G14: 53 | H14: 582.10422
B15: KN PAS BOUIL VEGETABLE 1X4KG BUC EB GR | D15: 1999 | E15: 45 | F15: 10320 | G15: 43 | H15: 310.98641
B16: KN PAS BOUIL VEGETABLE 6X1.2KG ECO EB GR | D16: 663 | E16: 162 | F16: 7349 | G16: 151 | H16: 2546.6655
... B18: KNORROX PAS BOUIL CHICKE 1X7KG BUC EB GR | D18: 1278 | E18: 58 | F18: 8970 | G18: 53 | H18: 456.07386
B19: KN PROF FOND LQ SHELLFIS 8X1L BRI EB EUR | C19: 0345S3K54 | D19: 40 | E19: 40 | F19: 429 | G19: 2 | H19: 77.544
B20: KN PROF FOND LQ VEAL 8X1L BRI EB EUR | C20: 1134S3K54 | D20: 6 | E20: 6 | F20: 203 | G20: 0 | H20: 0
C21: 1084S3K54 | D21: 14 | E21: 14 | F21: 500 | G21: 10 | H21: 298.528
B22: KN PROF FOND LQ CHICKEN 8X1L BRI EB EUR | C22: 1098S3K54 | D22: 22 | E22: 22 | F22: 157 | G22: 0 | H22: 0
C23: 112683K54 | D23: 20 | E23: 20 | F23: 185 | G23: 20 | H23: 605.47
C24: 114783K54 | D24: 10 | E24: 10 | F24: 206 | G24: 10 | H24: 302.74
B25: KN GF REG BOUIL CHICKEN 2X800G JAR DACH | C25: 11730039 | D25: 0 | E25: 0 | F25: 265 | G25: 0 | H25: 0
C26: 117300N39 | D26: 517 | E26: 517 | F26: 530 | G26: 252 | H26: 2815.4613
B27: KNORROX PAS BOUIL BEEF 1X7KG BUC EB GR | C27: 11860Z098 | D27: 224 | E27: 224 | F27: 1856 | G27: 180 | H27: 3105.9731
C28: 11660Z098 | D28: 44 | E28: 44 | F28: 888 | G28: 21 | H28: 362.36
A29: ΤΟΜΑΤΟΕΙΔΗ | B29: KN FINE CHOPPED TOMATO 6X2.5KG POU EB GR | D29: 421 | E29: 13 | F29: 3912 | G29: 13 | H29: 122.356
A30: SEASONINGS | B30: KN AROMAT 6X500G ECO EB IT GR | D30: 743 | E30: 60 | F30: 4656 | G30: 57 | H30: 484.64121
B31: KN PRIM BASIL 2X340G POT EB IT/GR | D31: 456 | E31: 16 | F31: 1225 | G31: 15 | H31: 50.9558
B32: KN PRIM GARLIC 2X340G POT EB IT/GR | D32: 1066 | E32: 213 | F32: 920 | G32: 137 | H32: 438.75733
B33: KN PRIM PESTO 2X340G POT EB GR | D33: 457 | E33: 114 | F33: 528 | G33: 18 | H33: 89.127188
B34: KN PRIM ROSEMARY 2X340G POT EB IT/GR | D34: 630 | E34: 316 | F34: 915 | G34: 142 | H34: 590.63413
B35: KN PRIM THYME 2X340G POT EB IT/GR | D35: 696 | E35: 37 | F35: 1225 | G35: 25 | H35: 117.24854
A36: ΣΙΡΟΠΙΑ | B36: CDO TOPPI FOREST FRUI 6X1KG BOT EB IT GR | D36: 251 | E36: 251 | F36: 938 | G36: 151 | H36: 1890.4747
B37: CDO TOPPIN STRAWBERRY 6X1KG BOT EB IT GR | D37: 151 | E37: 76 | F37: 766 | G37: 26 | H37: 315.003
B38: CDO TOPPING CHOCOLATE 6X1KG BOT EB IT GR | D38: 58 | E38: 10 | F38: 1548 | G38: 7 | H38: 63.79
B39: CDO TOPPING TOFFEE 6X1KG BOT EB IT GR | D39: 254 | E39: 84 | F39: 1707 | G39: 51 | H39: 496.1484
B40: CDO TOPPING HAZELNUT 6X1KG BOT EB IT GR | C40: 109710M95 | D40: 30 | E40: 30 | F40: 515 | G40: 0 | H40: 0
A41: ΣΑΛΤΣΕΣ | B41: KN DEMI GLACE 6X1.2KG ECO EB GR | D41: 493 | E41: 250 | F41: 4230 | G41: 224 | H41: 5066.2055
B42: KN DES 4 CHEESE 6X775G ECO EB EU | D42: 42 | E42: 42 | F42: 490 | G42: 3 | H42: 106.86
B43: KN DES CARBONARA 6X1KG ECO EB GR ES | D43: 285 | E43: 148 | F43: 3528 | G43: 123 | H43: 3743.3426
B44: KN GFLF DES TOMATO GOUR 1X10KG BUC EB EU | D44: 90 | E44: 46 | F44: 2545 | G44: 41 | H44: 2212.9714
B45: KN SAUCE BRATENJUS 6X1KG ECO EB GR | D45: 69 | E45: 69 | F45: 736 | G45: 19 | H45: 588.98
B46: Knorr Curry sauce 1.4kg GR | D46: 45 | E46: 45 | F46: 459 | G46: 0 | H46: 0
B47: KNORR DES DEMI GLACE 4KG BUC EB GR | D47: 1158 | E47: 54 | F47: 8740 | G47: 52 | H47: 585.01552
B48: KN DES MADEIRA 6X800G ECO EB FR-s | C48: 11130Y776 | D48: 3 | E48: 3 | F48: 184 | G48: 0 | H48: 0
B49: Knorr Bearnaise sauce 900g GR | C49: 1181C4816 | D49: 65 | E49: 65 | F49: 672 | G49: 2 | H49: 47.47
A50: ΥΓΡΕΣ ΣΑΛΤΣΕΣ | B50: KN SOYA SAUCE 6X1.3KG GLA EB RO GR HU RS | D50: 102 | E50: 8 | F50: 3240 | G50: 4 | H50: 55.2735
B51: KNORR PROF DEMI GLACE 8X1L BRI EB EUR | D51: 77 | E51: 77 | F51: 386 | G51: 30 | H51: 898.11
B52: KNORR WSA BBQ 2X2.2L BOT (P7)NB GR | C52: 11470PM78 | D52: 210 | E52: 10 | F52: 1070 | G52: 10 | H52: 84.960609
C53: 11270PM78 | D53: 132 | E53: 7 | F53: 430 | G53: 2 | H53: 16.99
C54: 11740PM78 | D54: 1040 | E54: 56 | F54: 1960 | G54: 49 | H54: 416.304
B55: KNORR WSA CURRY 2X2.25L PBOT (P7)NB ES | C55: L10070PM78 | D55: 46 | E55: 12 | F55: 208 | G55: 6 | H55: 60.11
C56: 10070PM78 | D56: 101 | E56: 25 | F56: 105 | G56: 2 | H56: 20.03802
B57: KNORR SAUCE JAR SALSA 2X2.20L GR(P7)NB | C57: 03230PM781 | D57: 207 | E57: 104 | F57: 86 | G57: 87 | H57: 774.72909
B58: KN SALSA AGRIDULCE 2.25LT (2) (E)(P7)NB | C58: 11130PM78 | D58: 309 | E58: 38 | F58: 885 | G58: 23 | H58: 200.04413
C59: 11260PM78 | D59: 260 | E59: 32 | F59: 428 | G59: 16 | H59: 139.15938
A60: ΣΟΥΠΕΣ | B60: KN DSO CRE ASPARAGUS 6X900G ECO EB GR IT | D60: 118 | E60: 61 | F60: 3055 | G60: 48 | H60: 762.45608
B61: KN DSO CRM BOLETUS 6X850G ECO EB GR IT | D61: 421 | E61: 103 | F61: 5322 | G61: 90 | H61: 1392.9824
B62: KNORR DSO ONION 6X565G ECO EB FRGRIT | D62: 116 | E62: 38 | F62: 1756 | G62: 32 | H62: 450.2091
B63: KNORR DSO TOMATO 6X1KG ECO EB GR | D63: 77 | E63: 26 | F63: 1740 | G63: 19 | H63: 347.476
B64: Knorr Minestrone soup 900g GR Dwin | D64: 101 | E64: 33 | F64: 1716 | G64: 19 | H64: 470.25
B65: Knorr Poultry cream soup 1040g GRIT Dwin | D65: 98 | E65: 33 | F65: 2057 | G65: 17 | H65: 243.22562
A66: WORLD CUISINES | B66: KNORR SAMBAL MANIS 6X1L BOT EB IT GR | D66: 54 | E66: 54 | F66: 258 | G66: 0 | H66: 0
B67: KNORR TERYAKI ASIAN 6X1.23KG BOT EB | D67: 7 | E67: 7 | F67: 418 | G67: 1 | H67: 21.33
B68: KNORR PANG GANG 6X1L BOT EB IT GR | C68: 114500650 | D68: 61 | E68: 61 | F68: 209 | G68: 0 | H68: 0
A69: ΜΑΓΙΟΝΕΖΑ | B69: HELLMAN'S MAYO REAL 6X2L -r | D69: 555 | E69: 98 | F69: 1590 | G69: 98 | H69: 1872.4469
B70: HLMNS MAYO LIGHT 1X5L BUC EB GR | D70: 4214 | E70: 30 | F70: 4455 | G70: 30 | H70: 145.11212
B71: HLMNS MAYONNAISE 1X5L BUC EB GR | D71: 13463 | E71: 95 | F71: 15559 | G71: 94 | H71: 692.30323
B72: HLMNS REAL MAYO 1X5.5L BUC EB GR | D72: 2207 | E72: 33 | F72: 2997 | G72: 31 | H72: 258.17222
B73: HLMNS REAL MAYONNAISE 1X10L BUC EB GR | D73: 4288 | E73: 0 | F73: 11609 | G73: 0 | H73: 0
A74: ΚΕΤΣΑΠ | B74: HLMNS BARBEQ SAUC 3X4.8KG BOT EB GRIT | D74: 516 | E74: 19 | F74: 2185 | G74: 18 | H74: 217.99327
B75: HLMNS KETCHUP 3X4.8KG BOT EB GR | D75: 1754 | E75: 35 | F75: 6982 | G75: 34 | H75: 418.3776
A76: ΕΠΙΔΟΡΠΙΑ | B76: CDO CAKE COCOA 6X2X380G BOX EB IT | D76: 14 | E76: 14 | F76: 85 | G76: 0 | H76: 0
B77: CDO TIRAMISU GF 6X2X245G BOX EB GRITES | D77: 13 | E77: 13 | F77: 290 | G77: 0 | H77: 0
B78: CDO TORTA AL COCO 6x1.68G IT | D78: 217 | E78: 217 | F78: 2372 | G78: 149 | H78: 3963.1851
A79: ΜΟΥΣΤΑΡΔΑ | B79: HELLMANN'S MUSTARD 198X10ML | D79: 1538 | E79: 72 | F79: 1719 | G79: 56 | H79: 190.16781
B80: HLMNS MILD MUSTARD 1X4.8KG BUC EB GR | D80: 3394 | E80: 24 | F80: 12900 | G80: 24 | H80: 117.82095
A81: DRESSINGS | B81: HLMNS COCTAIL SAUCE 1X3L BUC EB GR | D81: 1025 | E81: 30 | F81: 868 | G81: 27 | H81: 145.84961
B82: HLMNS MUST SAU 6X880G BOT EB GR PT IT | D82: 1 | E82: 1 | F82: 215 | G82: 0 | H82: 0
B83: HLMNS MUSTARD SAUCE 1X3L BUC EB GR | D83: 818 | E83: 48 | F83: 680 | G83: 34 | H83: 183.39233
B84: HLMNS SLDDRE CAESAR 3x3L BUC EW GR | D84: 4852 | E84: 74 | F84: 9012 | G84: 73 | H84: 1109.9993
B85: HLMNS VINAIGRETTE CITRUS 6X1L BOT EB IT | D85: 425 | E85: 32 | F85: 1368 | G85: 27 | H85: 429.26594
B86: HLMNS YOGHURT SAUCE 1X3L BUC EB GR | D86: 1457 | E86: 98 | F86: 884 | G86: 91 | H86: 598.93872
B87: HLMNS FRIES SAUCE 6X850G BOT EB GR PT IT | C87: 111005M51 | D87: 35 | E87: 35 | F87: 110 | G87: 0 | H87: 0
B88: HLMNS VINAIGR BASIL 6X1L BOT EB GR | C88: 10670N757 | D88: 21 | E88: 21 | F88: 184 | G88: 4 | H88: 73.065
C89: 11420N757 | D89: 134 | E89: 134 | F89: 390 | G89: 72 | H89: 1315.1519
A90: ΣΑΛΤΣΕΣ ΣΑΝΤΟΥΪΤΣ | B90: FS DRE HLMNS SWSAU HO&MU 5X570ML NDC GR | C90: 11740A817 | D90: 350 | E90: 177 | F90: 736 | G90: 136 | H90: 911.50222
A91: ΓΑΡΝΙΤΟΥΡΕΣ | B91: KN COUS COUS TABOULE 6X625G PK EB GR IT | D91: 431 | E91: 107 | F91: 4894 | G91: 101 | H91: 1499.0845
B92: KN DRM QUI TOM CAR 4x548G POU EB IT | D92: 636 | E92: 318 | F92: 2334 | G92: 204 | H92: 3835.4367
B93: KN MK RedRice Almn Bro 4X550G EB IT | D93: 132 | E93: 66 | F93: 589 | G93: 0 | H93: 0
B94: KNORR POTATO FLAKES 1X20KG BAG EL ES/GR | D94: 185 | E94: 185 | F94: 2292 | G94: 152 | H94: 4582.1552
B95: KNORR POTATO FLAKES 1X4KG BIB EB EUR | D95: 894 | E95: 102 | F95: 4544 | G95: 89 | H95: 562.01888
B96: KN DRM CousCous Carrot 4X610G EB IT | C96: 112315M66 | D96: 54 | E96: 54 | F96: 224 | G96: 0 | H96: 0
A97: ΒΟΗΘ. ΖΑΧΑΡΟΠΛΑΣΤΙΚΗΣ ΜΑΓΕΙΡΙΚΗΣ | B97: KNORR ROUX LIGHT 3X1KG ECO EB ITGR | D97: 631 | E97: 104 | F97: 8131 | G97: 87 | H97: 546.74222
B98: MAIZENA STARCH 4X2.5KG BOX EW ES | D98: 1021 | E98: 142 | F98: 27769 | G98: 137 | H98: 1195.5133
A99: CARTE DOR BUFFET | B99: CDO CAKE COCOA1X20KG BG EB GR | D99: 58 | E99: 20 | F99: 499 | G99: 5 | H99: 174.5
B100: CDO CAKE COCOA1X5KG BUC EB GR | D100: 187 | E100: 95 | F100: 1036 | G100: 67 | H100: 622.95382
B101: CDO CAKE PANNACOTTA 6X2KG BG EB GR | D101: 28 | E101: 28 | F101: 253 | G101: 0 | H101: 0
B102: CDO CAKE PATISSERIE1X15KG BG EB GR | D102: 34 | E102: 11 | F102: 254 | G102: 0 | H102: 0
...

Sheet Stock
A1: Out of Stock Ind. | B1: Material Code | C1: Material Description | D1: Unrestricted Stock | E1: Cust.Conf.Total Qty | F1: Quantities on Deliveries | G1: Available Quantity | H1: Quality Inspection Stock | I1: Cust.Ord.Total Qty | J1: Goods Receipts Total Qty
B2: 64897767 | C2: KN GRN PEPPE DES 6x1.2KG ECO EB BENEGRIT | D2: 107 | E2: 0 | F2: 1 | G2: 106 | H2: 0 | I2: 0 | J2: 0
B3: 64902224 | C3: MAIL MUST ORIG 8x1KG BUC EB NDC IT PT GR | D3: 129 | E3: 0 | F3: 1 | G3: 128 | H3: 0 | I3: 0 | J3: 0
B4: 31132401 | C4: HLMNS MILD MUSTARD 12X500G BOT EB GR | D4: 1176 | E4: 4 | F4: 86 | G4: 1086 | H4: 0 | I4: 35 | J4: 432
B5: 69732307 | C5: HLMNS KETCHUP 12x540G SQ EB GR | D5: 2690 | E5: 0 | F5: 32 | G5: 2658 | H5: 0 | I5: 32 | J5: 0
B6: 12100503 | C6: HLMNS REAL MAYONNAISE 1X10L BUC EB GR | D6: 12420 | E6: 606 | F6: 423 | G6: 11391 | H6: 0 | I6: 736 | J6: 720
B7: 12110903 | C7: HLMNS MUSTARD SAUCE 1X3L BUC EB GR | D7: 1035 | E7: 4 | F7: 5 | G7: 1026 | H7: 0 | I7: 9 | J7: 0
B8: 12886101 | C8: HLMNS SD CITRUS 6X1L BOT EB IT | D8: 2190 | E8: 289 | F8: 38 | G8: 1863 | H8: 0 | I8: 296 | J8: 1152
B9: 28000701 | C9: HLMNS SLDDRE CAESAR 3x3L BUC EW GR | D9: 5121 | E9: 246 | F9: 298 | G9: 4577 | H9: 0 | I9: 282 | J9: 252
B10: 36010201 | C10: HLMNS KETCHUP 3X4.8KG BOT EB GR | D10: 4539 | E10: 55 | F10: 183 | G10: 4301 | H10: 0 | I10: 169 | J10: 0
B11: 62748741 | C11: HLM Proffesional mayo 1x5LBUC EB EUROPE | D11: 3843 | E11: 0 | F11: 35 | G11: 3808 | H11: 0 | I11: 230 | J11: 0
B12: 62751906 | C12: HLM Real Mayo 1x2L BUC EB DK FI GR NO SE | D12: 3670 | E12: 32 | F12: 62 | G12: 3576 | H12: 0 | I12: 32 | J12: 0
B13: 64308055 | C13: HL Vgan May 1x3L BUC EB BGESGRHRHUPTROSI | D13: 3885 | E13: 4 | F13: 46 | G13: 3835 | H13: 0 | I13: 34 | J13: 0
... B91: 81334801 | C91: KN PRIM ROAST ONION 2X340G GLA EB IT | D91: 1108 | E91: 0 | F91: 2 | G91: 1106 | H91: 0 | I91: 0 | J91: 0

Sheet S1P
A1: A/A | B1: Key | C1: Date | D1: Material | E1: Description | F1: Plant | G1: Storage location | H1: Batch | I1: Unrestricted stock | J1: Restricted stock | K1: Blocked stock | L1: Quality inspection stock | M1: Unit of measure | N1: Batch shelf life expiration date | O1: Short shelf life date | P1: Days till expired | Q1: Days till SSL | R1: SSCC | S1: Goods Receipt Date | T1: Reason code | U1: Reason Description | V1: Total-Quantity | W1: Total-Value | X1: Total-Paletts | Y1: Material Type | Z1: Idoc-Nr. | AA1: Advance warning time in days | AB1: Remaining life period | AC1: Segment-Nr. | AD1: Validity flag | AE1: Error Message | AF1: Production Date | AG1: Palletization Date | AH1: Average Sales H2 2024 | AI1: Stock Days | AJ1: Calc Days | AK1: Obsolete Risk | AL1: Final Obsolete Risk | AM1: Cost of Risk (standard price) | AN1: Category
A2: {=1+SUMPRODUCT(--(D2>$D$2:$D$826))} -> 1 | B2: =D2&A2 -> 111407041 | C2: 46008 | D2: 11140704 | E2: KNORR DSO ONION 6X565G ECO EB FRGRIT | F2: A912 | G2: 1000 | H2: 528820C93 | I2: 20 | J2: 0 | K2: 0 | L2: 0 | M2: ZUN | N2: 46507 | O2: 46427 | P2: 499 | Q2: 419 | R2: 359485176007043213 | S2: 45945 | V2: 20 | W2: 311.03 | X2: 0.444 | Y2: FERT | Z2: 2732873326 | AA2: 0 | AB2: 0 | AC2: 0 | AD2: X | AF2: 45945 | AH2: =_xlfn.IFNA(IF(VLOOKUP(D2,'Cases2021 2022 FC'!AC:AE,3,0)=0,"1",VLOOKUP(D2,'Cases2021 2022 FC'!AC:AE,3,0)),"1") -> 2 | AI2: =ROUND(I2/AH2,0) -> 10 | AJ2: =IF(Q2-AI2<0,Q2-AI2,0) -> 0 | AK2: =IF((AI2>Q2),(K2/AH2)-Q2,0)+IFERROR(IF(B2=B1,AI1,0),0) -> 0 | AL2: =IF(AK2>K2,I2,AK2) -> 0 | AM2: =IFERROR((W2/K2)*AL2,0) -> 0 | AN2: =VLOOKUP(D2,SOP!C:R,16,0) -> ΣΟΥΠΕΣ
A3: {=1+SUMPRODUCT(--(D3>$D$2:$D$826))} -> 1 | B3: =D3&A3 -> 111407041 | C3: 46008 | D3: 11140704 | E3: KNORR DSO ONION 6X565G ECO EB FRGRIT | F3: A912 | G3: 1000 | H3: 528820C93 | I3: 45 | J3: 0 | K3: 0 | L3: 0 | M3: ZUN | N3: 46507 | O3: 46427 | P3: 499 | Q3: 419 | R3: 359485176007043244 | S3: 45945 | V3: 45 | W3: 699.81 | X3: 1 | Y3: FERT | Z3: 2732873326 | AA3: 0 | AB3: 0 | AC3: 0 | AD3: X | AF3: 45945 | AH3: =_xlfn.IFNA(IF(VLOOKUP(D3,'Cases2021 2022 FC'!AC:AE,3,0)=0,"1",VLOOKUP(D3,'Cases2021 2022 FC'!AC:AE,3,0)),"1") -> 2 | AI3: =ROUND(I3/AH3,0) -> 23 | AJ3: =IF(Q3-AI3<0,Q3-AI3,0) -> 0 | AK3: =IF((AI3>Q3),(K3/AH3)-Q3,0)+IFERROR(IF(B3=B2,AI2,0),0) -> 10 | AL3: =IF(AK3>K3,I3,AK3) -> 45 | AM3: =IFERROR((W3/K3)*AL3,0) -> 0 | AN3: =VLOOKUP(D3,SOP!C:R,16,0) -> ΣΟΥΠΕΣ
A4: {=1+SUMPRODUCT(--(D4>$D$2:$D$826))} -> 1 | B4: =D4&A4 -> 111407041 | C4: 46008 | D4: 11140704 | E4: KNORR DSO ONION 6X565G ECO EB FRGRIT | F4: A912 | G4: 1000 | H4: 528820C93 | I4: 45 | J4: 0 | K4: 0 | L4: 0 | M4: ZUN | N4: 46507 | O4: 46427 | P4: 499 | Q4: 419 | R4: 359485176007043312 | S4: 45945 | V4: 45 | W4: 699.81 | X4: 1 | Y4: FERT | Z4: 2732873326 | AA4: 0 | AB4: 0 | AC4: 0 | AD4: X | AF4: 45945 | AH4: =_xlfn.IFNA(IF(VLOOKUP(D4,'Cases2021 2022 FC'!AC:AE,3,0)=0,"1",VLOOKUP(D4,'Cases2021 2022 FC'!AC:AE,3,0)),"1") -> 2 | AI4: =ROUND(I4/AH4,0) -> 23 | AJ4: =IF(Q4-AI4<0,Q4-AI4,0) -> 0 | AK4: =IF((AI4>Q4),(K4/AH4)-Q4,0)+IFERROR(IF(B4=B3,AI3,0),0) -> 23 | AL4: =IF(AK4>K4,I4,AK4) -> 45 | AM4: =IFERROR((W4/K4)*AL4,0) -> 0 | AN4: =VLOOKUP(D4,SOP!C:R,16,0) -> ΣΟΥΠΕΣ
A5: {=1+SUMPRODUCT(--(D5>$D$2:$D$826))} -> 1 | B5: =D5&A5 -> 111407041 | C5: 46008 | D5: 11140704 | E5: KNORR DSO ONION 6X565G ECO EB FRGRIT | F5: A912 | G5: 1000 | H5: 528820C93 | I5: 45 | J5: 0 | K5: 0 | L5: 0 | M5: ZUN | N5: 46507 | O5: 46427 | P5: 499 | Q5: 419 | R5: 359485176007043350 | S5: 45945 | V5: 45 | W5: 699.81 | X5: 1 | Y5: FERT | Z5: 2732873326 | AA5: 0 | AB5: 0 | AC5: 0 | AD5: X | AF5: 45945 | AH5: =_xlfn.IFNA(IF(VLOOKUP(D5,'Cases2021 2022 FC'!AC:AE,3,0)=0,"1",VLOOKUP(D5,'Cases2021 2022 FC'!AC:AE,3,0)),"1") -> 2 | AI5: =ROUND(I5/AH5,0) -> 23 | AJ5: =IF(Q5-AI5<0,Q5-AI5,0) -> 0 | AK5: =IF((AI5>Q5),(K5/AH5)-Q5,0)+IFERROR(IF(B5=B4,AI4,0),0) -> 23 | AL5: =IF(AK5>K5,I5,AK5) -> 45 | AM5: =IFERROR((W5/K5)*AL5,0) -> 0 | AN5: =VLOOKUP(D5,SOP!C:R,16,0) -> ΣΟΥΠΕΣ
A6: {=1+SUMPRODUCT(--(D6>$D$2:$D$826))} -> 5 | B6: =D6&A6 -> 112471035 | C6: 46008 | D6: 11247103 | E6: KN COUS COUS TABOULE 6X625G PK EB GR IT | F6: A912 | G6: 1000 | H6: 512416C93 | I6: 45 | J6: 0 | K6: 0 | L6: 0 | M6: ZUN | N6: 46356 | O6: 46296 | P6: 348 | Q6: 288 | R6: 359485176005993640 | S6: 45811 | V6: 45 | W6: 895.82 | X6: 1 | Y6: FERT | Z6: 2732873326 | AA6: 0 | AB6: 0 | AC6: 0 | AD6: X | AF6: 45781 | AH6: =_xlfn.IFNA(IF(VLOOKUP(D6,'Cases2021 2022 FC'!AC:AE,3,0)=0,"1",VLOOKUP(D6,'Cases2021 2022 FC'!AC:AE,3,0)),"1") -> 2 | AI6: =ROUND(I6/AH6,0) -> 23 | AJ6: =IF(Q6-AI6<0,Q6-AI6,0) -> 0 | AK6: =IF((AI6>Q6),(K6/AH6)-Q6,0)+IFERROR(IF(B6=B5,AI5,0),0) -> 0 | AL6: =IF(AK6>K6,I6,AK6) -> 0 | AM6: =IFERROR((W6/K6)*AL6,0) -> 0 | AN6: =VLOOKUP(D6,SOP!C:R,16,0) -> ΓΑΡΝΙΤΟΥΡΕΣ
A7: {=1+SUMPRODUCT(--(D7>$D$2:$D$826))} -> 5 | B7: =D7&A7 -> 112471035 | C7: 46008 | D7: 11247103 | E7: KN COUS COUS TABOULE 6X625G PK EB GR IT | F7: A912 | G7: 1000 | H7: 512416C93 | I7: 29 | J7: 0 | K7: 0 | L7: 0 | M7: ZUN | N7: 46356 | O7: 46296 | P7: 348 | Q7: 288 | R7: 359485176005993657 | S7: 45811 | V7: 29 | W7: 577.31 | X7: 0.644 | Y7: FERT | Z7: 2732873326 | AA7: 0 | AB7: 0 | AC7: 0 | AD7: X | AF7: 45781 | AH7: =_xlfn.IFNA(IF(VLOOKUP(D7,'Cases2021 2022 FC'!AC:AE,3,0)=0,"1",VLOOKUP(D7,'Cases2021 2022 FC'!AC:AE,3,0)),"1") -> 2 | AI7: =ROUND(I7/AH7,0) -> 15 | AJ7: =IF(Q7-AI7<0,Q7-AI7,0) -> 0 | AK7: =IF((AI7>Q7),(K7/AH7)-Q7,0)+IFERROR(IF(B7=B6,AI6,0),0) -> 23 | AL7: =IF(AK7>K7,I7,AK7) -> 29 | AM7: =IFERROR((W7/K7)*AL7,0) -> 0 | AN7: =VLOOKUP(D7,SOP!C:R,16,0) -> ΓΑΡΝΙΤΟΥΡΕΣ
A8: {=1+SUMPRODUCT(--(D8>$D$2:$D$826))} -> 5 | B8: =D8&A8 -> 112471035 | C8: 46008 | D8: 11247103 | E8: KN COUS COUS TABOULE 6X625G PK EB GR IT | F8: A912 | G8: 1000 | H8: 512416C93 | I8: 45 | J8: 0 | K8: 0 | L8: 0 | M8: ZUN | N8: 46356 | O8: 46296 | P8: 348 | Q8: 288 | R8: 359485176005993664 | S8: 45811 | V8: 45 | W8: 895.82 | X8: 1 | Y8: FERT | Z8: 2732873326 | AA8: 0 | AB8: 0 | AC8: 0 | AD8: X | AF8: 45781 | AH8: =_xlfn.IFNA(IF(VLOOKUP(D8,'Cases2021 2022 FC'!AC:AE,3,0)=0,"1",VLOOKUP(D8,'Cases2021 2022 FC'!AC:AE,3,0)),"1") -> 2 | AI8: =ROUND(I8/AH8,0) -> 23 | AJ8: =IF(Q8-AI8<0,Q8-AI8,0) -> 0 | AK8: =IF((AI8>Q8),(K8/AH8)-Q8,0)+IFERROR(IF(B8=B7,AI7,0),0) -> 15 | AL8: =IF(AK8>K8,I8,AK8) -> 45 | AM8: =IFERROR((W8/K8)*AL8,0) -> 0 | AN8: =VLOOKUP(D8,SOP!C:R,16,0) -> ΓΑΡΝΙΤΟΥΡΕΣ
A9: {=1+SUMPRODUCT(--(D9>$D$2:$D$826))} -> 5 | B9: =D9&A9 -> 112471035 | C9: 46008 | D9: 11247103 | E9: KN COUS COUS TABOULE 6X625G PK EB GR IT | F9: A912 | G9: 1000 | H9: 512416C93 | I9: 45 | J9: 0 | K9: 0 | L9: 0 | M9: ZUN | N9: 46356 | O9: 46296 | P9: 348 | Q9: 288 | R9: 359485176005993695 | S9: 45811 | V9: 45 | W9: 895.82 | X9: 1 | Y9: FERT | Z9: 2732873326 | AA9: 0 | AB9: 0 | AC9: 0 | AD9: X | AF9: 45781 | AH9: =_xlfn.IFNA(IF(VLOOKUP(D9,'Cases2021 2022 FC'!AC:AE,3,0)=0,"1",VLOOKUP(D9,'Cases2021 2022 FC'!AC:AE,3,0)),"1") -> 2 | AI9: =ROUND(I9/AH9,0) -> 23 | AJ9: =IF(Q9-AI9<0,Q9-AI9,0) -> 0 | AK9: =IF((AI9>Q9),(K9/AH9)-Q9,0)+IFERROR(IF(B9=B8,AI8,0),0) -> 23 | AL9: =IF(AK9>K9,I9,AK9) -> 45 | AM9: =IFERROR((W9/K9)*AL9,0) -> 0 | AN9: =VLOOKUP(D9,SOP!C:R,16,0) -> ΓΑΡΝΙΤΟΥΡΕΣ
A10: {=1+SUMPRODUCT(--(D10>$D$2:$D$826))} -> 5 | B10: =D10&A10 -> 112471035 | C10: 46008 | D10: 11247103 | E10: KN COUS COUS TABOULE 6X625G PK EB GR IT | F10: A912 | G10: 1000 | H10: 512416C93 | I10: 45 | J10: 0 | K10: 0 | L10: 0 | M10: ZUN | N10: 46356 | O10: 46296 | P10: 348 | Q10: 288 | R10: 359485176005993701 | S10: 45811 | V10: 45 | W10: 895.82 | X10: 1 | Y10: FERT | Z10: 2732873326 | AA10: 0 | AB10: 0 | AC10: 0 | AD10: X | AF10: 45781 | AH10: =_xlfn.IFNA(IF(VLOOKUP(D10,'Cases2021 2022 FC'!AC:AE,3,0)=0,"1",VLOOKUP(D10,'Cases2021 2022 FC'!AC:AE,3,0)),"1") -> 2 | AI10: =ROUND(I10/AH10,0) -> 23 | AJ10: =IF(Q10-AI10<0,Q10-AI10,0) -> 0 | AK10: =IF((AI10>Q10),(K10/AH10)-Q10,0)+IFERROR(IF(B10=B9,AI9,0),0) -> 23 | AL10: =IF(AK10>K10,I10,AK10) -> 45 | AM10: =IFERROR((W10/K10)*AL10,0) -> 0 | AN10: =VLOOKUP(D10,SOP!C:R,16,0) -> ΓΑΡΝΙΤΟΥΡΕΣ
A11: {=1+SUMPRODUCT(--(D11>$D$2:$D$826))} -> 5 | B11: =D11&A11 -> 112471035 | C11: 46008 | D11: 11247103 | E11: KN COUS COUS TABOULE 6X625G PK EB GR IT | F11: A912 | G11: 1000 | H11: 512416C93 | I11: 45 | J11: 0 | K11: 0 | L11: 0 | M11: ZUN | N11: 46356 | O11: 46296 | P11: 348 | Q11: 288 | R11: 359485176005993718 | S11: 45811 | V11: 45 | W11: 895.82 | X11: 1 | Y11: FERT | Z11: 2732873326 | AA11: 0 | AB11: 0 | AC11: 0 | AD11: X | AF11: 45781 | AH11: =_xlfn.IFNA(IF(VLOOKUP(D11,'Cases2021 2022 FC'!AC:AE,3,0)=0,"1",VLOOKUP(D11,'Cases2021 2022 FC'!AC:AE,3,0)),"1") -> 2 | AI11: =ROUND(I11/AH11,0) -> 23 | AJ11: =IF(Q11-AI11<0,Q11-AI11,0) -> 0 | AK11: =IF((AI11>Q11),(K11/AH11)-Q11,0)+IFERROR(IF(B11=B10,AI10,0),0) -> 23 | AL11: =IF(AK11>K11,I11,AK11) -> 45 | AM11: =IFERROR((W11/K11)*AL11,0) -> 0 | AN11: =VLOOKUP(D11,SOP!C:R,16,0) -> ΓΑΡΝΙΤΟΥΡΕΣ
A12: {=1+SUMPRODUCT(--(D12>$D$2:$D$826))} -> 5 | B12: =D12&A12 -> 112471035 | C12: 46008 | D12: 11247103 | E12: KN COUS COUS TABOULE 6X625G PK EB GR IT | F12: A912 | G12: 1000 | H12: 512416C93 | I12: 45 | J12: 0 | K12: 0 | L12: 0 | M12: ZUN | N12: 46356 | O12: 46296 | P12: 348 | Q12: 288 | R12: 359485176005994265 | S12: 45811 | V12: 45 | W12: 895.82 | X12: 1 | Y12: FERT | Z12: 2732873326 | AA12: 0 | AB12: 0 | AC12: 0 | AD12: X | AF12: 45781 | AH12: =_xlfn.IFNA(IF(VLOOKUP(D12,'Cases2021 2022 FC'!AC:AE,3,0)=0,"1",VLOOKUP(D12,'Cases2021 2022 FC'!AC:AE,3,0)),"1") -> 2 | AI12: =ROUND(I12/AH12,0) -> 23 | AJ12: =IF(Q12-AI12<0,Q12-AI12,0) -> 0 | AK12: =IF((AI12>Q12),(K12/AH12)-Q12,0)+IFERROR(IF(B12=B11,AI11,0),0) -> 23 | AL12: =IF(AK12>K12,I12,AK12) -> 45 | AM12: =IFERROR((W12/K12)*AL12,0) -> 0 | AN12: =VLOOKUP(D12,SOP!C:R,16,0) -> ΓΑΡΝΙΤΟΥΡΕΣ
A13: {=1+SUMPRODUCT(--(D13>$D$2:$D$826))} -> 5 | B13: =D13&A13 -> 112471035 | C13: 46008 | D13: 11247103 | E13: KN COUS COUS TABOULE 6X625G PK EB GR IT | F13: A912 | G13: 1000 | H13: 512416C93 | I13: 45 | J13: 0 | K13: 0 | L13: 0 | M13: ZUN | N13: 46356 | O13: 46296 | P13: 348 | Q13: 288 | R13: 359485176005994272 | S13: 45811 | V13: 45 | W13: 895.82 | X13: 1 | Y13: FERT | Z13: 2732873326 | AA13: 0 | AB13: 0 | AC13: 0 | AD13: X | AF13: 45781 | AH13: =_xlfn.IFNA(IF(VLOOKUP(D13,'Cases2021 2022 FC'!AC:AE,3,0)=0,"1",VLOOKUP(D13,'Cases2021 2022 FC'!AC:AE,3,0)),"1") -> 2 | AI13: =ROUND(I13/AH13,0) -> 23 | AJ13: =IF(Q13-AI13<0,Q13-AI13,0) -> 0 | AK13: =IF((AI13>Q13),(K13/AH13)-Q13,0)+IFERROR(IF(B13=B12,AI12,0),0) -> 23 | AL13: =IF(AK13>K13,I13,AK13) -> 45 | AM13: =IFERROR((W13/K13)*AL13,0) -> 0 | AN13: =VLOOKUP(D13,SOP!C:R,16,0) -> ΓΑΡΝΙΤΟΥΡΕΣ
... A1126: {=1+SUMPRODUCT(--(D1126>$D$2:$D$826))} -> 826 | B1126: =D1126&A1126 -> 81334801826 | C1126: 46008 | D1126: 81334801 | E1126: KN PRIM ROAST ONION 2X340G GLA EB IT | F1126: A912 | G1126: 1000 | H1126: 516100N39 | I1126: 1 | J1126: 0 | K1126: 0 | L1126: 0 | M1126: ZUN | N1126: 46203 | O1126: 46143 | P1126: 195 | Q1126: 135 | R1126: 635201028263357625 | S1126: 45832 | V1126: 1 | W1126: 3.77 | X1126: 0.003 | Y1126: FERT | Z1126: 2732873326 | AA1126: 0 | AB1126: 0 | AC1126: 0 | AD1126: X | AF1126: 45818 | AH1126: =_xlfn.IFNA(IF(VLOOKUP(D1126,'Cases2021 2022 FC'!AC:AE,3,0)=0,"1",VLOOKUP(D1126,'Cases2021 2022 FC'!AC:AE,3,0)),"1") -> 2 | AI1126: =ROUND(I1126/AH1126,0) -> 1 | AJ1126: =IF(Q1126-AI1126<0,Q1126-AI1126,0) -> 0 | AK1126: =IF((AI1126>Q1126),(K1126/AH1126)-Q1126,0)+IFERROR(IF(B1126=B1125,AI1125,0),0) -> 183 | AL1126: =IF(AK1126>K1126,I1126,AK1126) -> 1 | AM1126: =IFERROR((W1126/K1126)*AL1126,0) -> 0 | AN1126: =VLOOKUP(D1126,SOP!C:R,16,0) -> SEASONINGS

Sheet Top10
A1: TOP10 DESCRIPTION | B1: MRDR | C1: ΠΕΡΙΓΡΑΦΗ | D1: Status
A2: Hellmans 5lt & 10lt | B2: 22100403 | C2: HLMNS ΜΑΓΙΟΝΕΖΑ REAL 5Λ | D2: =VLOOKUP(B2,SOP!C:J,4,0) -> #N/A
B3: 12101903 | C3: HLMNS ΜΑΓΙΟΝΕΖΑ REAL 5Λ+500ML ΔΩΡΟ | D3: =VLOOKUP(B3,SOP!C:J,4,0) -> #N/A
B4: 12100503 | C4: HLMNS ΜΑΓΙΟΝΕΖΑ REAL 10Λ | D4: =VLOOKUP(B4,SOP!C:J,4,0)
A5: CDO CAKE 5KG, 10KG & 20KG | B5: 67512459 | C5: CDO ΚΕΙΚ ΜΕ ΓΕΥΣΗ ΒΑΝΙΛΙΑΣ 1X20KG | D5: =VLOOKUP(B5,SOP!C:J,4,0)
B6: 67512406 | C6: CDO ΚΕΙΚ ΜΕ ΓΕΥΣΗ ΚΑΚΑΟ 1X20KG | D6: =VLOOKUP(B6,SOP!C:J,4,0)
B7: 67830533 | C7: CDO ΚΕΙΚ ΜΕ ΓΕΥΣΗ ΒΑΝΙΛΙΑΣ 1X5KG | D7: =VLOOKUP(B7,SOP!C:J,4,0) -> #N/A
B8: 67830530 | C8: CDO ΚΕΙΚ ΜΕ ΓΕΥΣΗ ΚΑΚΑΟ 1X5KG | D8: =VLOOKUP(B8,SOP!C:J,4,0) -> #N/A
A9: HELLMANN'S CAESAR'S | B9: 28000701 | C9: HELLMANN'S ΝΤΡΕΣΙΝΓΚ ΣΙΖΑΡ 3x3 ΛΙΤ | D9: =VLOOKUP(B9,SOP!C:J,4,0) -> OOS Risk
A10: HLMNS MAYO LIGHT 1X5 | B10: 13217307 | C10: HELLMANNS ΑΝΑΠΛΗΡΩΜΑ ΜΑΓΙΟΝΕΖΑΣ 1Χ5Λ | D10: =VLOOKUP(B10,SOP!C:J,4,0) -> #N/A
A11: Kn Pas Bouil Chicken 4kg & 1.2kg | B11: 12011702 | C11: KNORR ΖΩΜΟΣ ΚΟΤΑΣ 1*4Κ | D11: =VLOOKUP(B11,SOP!C:J,4,0)
B12: 39631001 | C12: KNORR ΖΩΜΟΣ ΚΟΤΑΣ 6*1,2Κ | D12: =VLOOKUP(B12,SOP!C:J,4,0)
A13: Knorr Demi Glace | B13: 67738206 | C13: KNORR ΣΑΛΤΣΑ ΝΤΕΜΙ ΓΚΛΑΣ 6Χ1,2 ΚΙΛ | D13: =VLOOKUP(B13,SOP!C:J,4,0)
B14: 67738211 | C14: KNORR ΣΑΛΤΣΑ ΝΤΕΜΙ ΓΚΛΑΣ 1Χ4 ΚΙΛ | D14: =VLOOKUP(B14,SOP!C:J,4,0)
A15: KNORROX PAS BOUIL CHICKE 1X7KG BUC EL GR | B15: 22010602 | C15: KNORROX ΖΩΜΟΣ ΚΟΤΑΣ 1x7 ΚΙΛ. | D15: =VLOOKUP(B15,SOP!C:J,4,0)
A16: LIPTON YELLOW LABEL 100CSEX12 EU | B16: 67578611 | C16: LIPTON ΜΑΥΡΟ ΤΣΑΙ ΚΙΤΡ ΦΑΚ 12Χ100Χ1,5ΓΡ | D16: =VLOOKUP(B16,SOP!C:J,4,0) -> #N/A
A17: Portion Packs | B17: 67682357 | C17: HELLMANN'S ΜΕΡΙΔΕΣ ΜΑΓΙΟΝΕΖΑΣ 198x10ML | D17: =VLOOKUP(B17,SOP!C:J,4,0)
B18: 67682359 | C18: HELLMANN'S ΜΕΡΙΔΕΣ ΚΕΤΣΑΠ 198x10ML | D18: =VLOOKUP(B18,SOP!C:J,4,0)
B19: 67969831 | C19: HELLMANN'S ΜΕΡΙΔΕΣ ΜΠΑΡΜΠΕΚΙΟΥ 198x10ML | D19: =VLOOKUP(B19,SOP!C:J,4,0)
B20: 67682348 | C20: HELLMANN'S ΜΕΡΙΔΕΣ ΜΟΥΣΤΑΡΔΑΣ 198x10ML | D20: =VLOOKUP(B20,SOP!C:J,4,0)
A21: Hellmann's BBQ | B21: 67291280 | C21: HELLMANN'S ΣΑΛΤΣΑ ΓΙΑ ΜΠΑΡΜΠΕΚΙΟΥ 3Χ4,8 ΚΙΛ. | D21: =VLOOKUP(B21,SOP!C:J,4,0) -> #N/A

Sheet SOP
D1: Link to Top 10 | H1: 20 | L1: =TODAY() -> 46021
K2: Supply Chain Input
A3: Κατηγορία | B3: Trade | C3: MRDR | D3: ΠΕΡΙΓΡΑΦΗ ΠΡΟΪΟΝΤΟΣ | F3: Status | G3: Average Sales per day (2025 FC Q3) | H3: Stock Days | I3: Days till Availability | J3: Available Stock | K3: Exptected Quantity | L3: Scheduled Delivery Date | M3: Expected Cases | N3: Comments | O3: Status SC | P3: Batch shelf life expiration date
A4: DRESSINGS | B4: 64324731 | C4: 64324731 | D4: HELLMANN’S ΝΤΡΕΣΙΝΓΚ CLASSIC 6x1Λ | F4: =IF(H4=0,"OOS",IF(H4<=10,"OOS Risk","")) | G4: =_xlfn.IFNA(IF(VLOOKUP(C4,'Cases2021 2022 FC'!AC:AD,2,0)=0,"1",VLOOKUP(C4,'Cases2021 2022 FC'!AC:AD,2,0)),1) -> 2 | H4: =ROUND(J4/G4,0) -> 94 | I4: =IFERROR(IF(L4="",0,L4-$L$1)-1,0) -> 0 | J4: =SUMIF(S1P!D:K,C:C,S1P!I:KI) -> 188 | K4: 0 | L4: TBC | O4: =IF(H4=0,"OOS",IF(H4<=10,"OOS Risk",IF(H4<=20,"SC Input",""))) | P4: =_xlfn.IFNA(VLOOKUP(C4,S1P!D:N,11,0),"") -> 46155 | R4: =A4 -> DRESSINGS
A5: CARTE DOR BUFFET | B5: 67512327 | C5: 67512327 | D5: CDO ΜΕΙΓΜΑ ΓΙΑ CRÈME CARAMEL/BRULEE1X10KG | F5: =IF(H5=0,"OOS",IF(H5<=10,"OOS Risk","")) | G5: =_xlfn.IFNA(IF(VLOOKUP(C5,'Cases2021 2022 FC'!AC:AD,2,0)=0,"1",VLOOKUP(C5,'Cases2021 2022 FC'!AC:AD,2,0)),1) -> 1 | H5: =ROUND(J5/G5,0) -> 60 | I5: =IFERROR(IF(L5="",0,L5-$L$1)-0.0001,0) -> 0 | J5: =SUMIF(S1P!D:K,C:C,S1P!I:KI) -> 60 | K5: 0 | L5: TBC | M5: 56 | O5: =IF(H5=0,"OOS",IF(H5<=10,"OOS Risk",IF(H5<=20,"SC Input",""))) | P5: =_xlfn.IFNA(VLOOKUP(C5,S1P!D:N,5,0),"") -> 325062401 | R5: =A5 -> CARTE DOR BUFFET
A6: DRESSINGS | B6: 64315194 | C6: 64315194 | D6: HELLMANN’S ΝΤΡΕΣΙΝΓΚ CHIV&PARSL 6x1Λ | F6: =IF(H6=0,"OOS",IF(H6<=10,"OOS Risk","")) -> OOS | G6: =_xlfn.IFNA(IF(VLOOKUP(C6,'Cases2021 2022 FC'!AC:AD,2,0)=0,"1",VLOOKUP(C6,'Cases2021 2022 FC'!AC:AD,2,0)),1) -> 1 | H6: =ROUND(J6/G6,0) -> 0 | I6: =IFERROR(IF(L6="",0,L6-$L$1)-0.0001,0) -> 0 | J6: =SUMIF(S1P!D:K,C:C,S1P!I:KI) -> 0 | K6: 300 | L6: TBC | M6: =K6 -> 300 | N6: prod in wk02. Couldn't be handle in december due to limited capacity at SU | O6: =IF(H6=0,"OOS",IF(H6<=10,"OOS Risk",IF(H6<=20,"SC Input",""))) -> OOS | P6: =_xlfn.IFNA(VLOOKUP(C6,S1P!D:N,11,0),"") | R6: =A6 -> DRESSINGS
A7: CARTE DOR BUFFET | B7: 67830539 | C7: 67830539 | D7: CDO ΜΟΥΣ ΜΕ ΓΕΥΣΗ ΒΑΝΙΛΙΑΣ 1X5KG | F7: =IF(H7=0,"OOS",IF(H7<=10,"OOS Risk","")) | G7: =_xlfn.IFNA(IF(VLOOKUP(C7,'Cases2021 2022 FC'!AC:AD,2,0)=0,"1",VLOOKUP(C7,'Cases2021 2022 FC'!AC:AD,2,0)),1) -> 1 | H7: =ROUND(J7/G7,0) -> 103 | I7: =IFERROR(IF(L7="",0,L7-$L$1)-1,0) -> 0 | J7: =SUMIF(S1P!D:K,C:C,S1P!I:KI) -> 103 | K7: 0 | L7: TBC | M7: 55 | O7: =IF(H7=0,"OOS",IF(H7<=10,"OOS Risk",IF(H7<=20,"SC Input",""))) | P7: =_xlfn.IFNA(VLOOKUP(C7,S1P!D:N,11,0),"") -> 46253 | R7: =A7 -> CARTE DOR BUFFET
A8: CARTE DOR BUFFET | B8: 67512194 | C8: 67512194 | D8: CDO ΜΕΙΓΜΑ ΓΙΑ PANNA COTTA 1X10KG | F8: =IF(H8=0,"OOS",IF(H8<=10,"OOS Risk","")) | G8: =_xlfn.IFNA(IF(VLOOKUP(C8,'Cases2021 2022 FC'!AC:AD,2,0)=0,"1",VLOOKUP(C8,'Cases2021 2022 FC'!AC:AD,2,0)),1) -> 1 | H8: =ROUND(J8/G8,0) -> 32 | I8: =IFERROR(IF(L8="",0,L8-$L$1)-1,0) -> 0 | J8: =SUMIF(S1P!D:K,C:C,S1P!I:KI) -> 32 | K8: 0 | L8: TBC | M8: 112 | O8: =IF(H8=0,"OOS",IF(H8<=10,"OOS Risk",IF(H8<=20,"SC Input",""))) | P8: =_xlfn.IFNA(VLOOKUP(C8,S1P!D:N,11,0),"") -> 46253 | R8: =A8 -> CARTE DOR BUFFET
A9: DRESSINGS | B9: 67751022 | C9: 67751022 | D9: HLMNS ΣΑΛΤΣΑ DELUXE ΓΙΑ ΠΑΤΑΤ. 6Χ850ΓΡ | F9: =IF(H9=0,"OOS",IF(H9<=10,"OOS Risk","")) | G9: =_xlfn.IFNA(IF(VLOOKUP(C9,'Cases2021 2022 FC'!AC:AD,2,0)=0,"1",VLOOKUP(C9,'Cases2021 2022 FC'!AC:AD,2,0)),1) -> 4 | H9: =ROUND(J9/G9,0) -> 164 | I9: =IFERROR(IF(L9="",0,L9-$L$1)-0.0001,0) -> 0 | J9: =SUMIF(S1P!D:K,C:C,S1P!I:KI) -> 657 | K9: 0 | L9: TBC | O9: =IF(H9=0,"OOS",IF(H9<=10,"OOS Risk",IF(H9<=20,"SC Input",""))) | P9: =_xlfn.IFNA(VLOOKUP(C9,S1P!D:N,11,0),"") -> 46142 | R9: =A9 -> DRESSINGS
A10: CARTE DOR BUFFET | B10: 68222641 | C10: 68222641 | D10: CDO ΜΕΙΓΜΑ ΓΙΑ ΠΑΝΚΕΪΚ/ΒΑΦΛΑ 6X2KG | F10: =IF(H10=0,"OOS",IF(H10<=10,"OOS Risk","")) | G10: =_xlfn.IFNA(IF(VLOOKUP(C10,'Cases2021 2022 FC'!AC:AD,2,0)=0,"1",VLOOKUP(C10,'Cases2021 2022 FC'!AC:AD,2,0)),1) -> 1 | H10: =ROUND(J10/G10,0) -> 110 | I10: =IFERROR(IF(L10="",0,L10-$L$1)-0.0001,0) -> 0 | J10: =SUMIF(S1P!D:K,C:C,S1P!I:KI) -> 110 | K10: 0 | L10: TBC | O10: =IF(H10=0,"OOS",IF(H10<=10,"OOS Risk",IF(H10<=20,"SC Input",""))) | P10: =_xlfn.IFNA(VLOOKUP(C10,S1P!D:N,11,0),"") -> 46233 | R10: =A10 -> CARTE DOR BUFFET
A11: CARTE DOR BUFFET | B11: 67512459 | C11: 67512459 | D11: CDO ΚΕΙΚ ΜΕ ΓΕΥΣΗ ΒΑΝΙΛΙΑΣ 1X20KG | E11: Top 10 | F11: =IF(H11=0,"OOS",IF(H11<=10,"OOS Risk","")) | G11: =_xlfn.IFNA(IF(VLOOKUP(C11,'Cases2021 2022 FC'!AC:AD,2,0)=0,"1",VLOOKUP(C11,'Cases2021 2022 FC'!AC:AD,2,0)),1) -> 1 | H11: =ROUND(J11/G11,0) -> 100 | I11: =IFERROR(IF(L11="",0,L11-$L$1)-0.0001,0) -> 0 | J11: =SUMIF(S1P!D:K,C:C,S1P!I:KI) -> 100 | K11: 0 | L11: TBC | O11: =IF(H11=0,"OOS",IF(H11<=10,"OOS Risk",IF(H11<=20,"SC Input",""))) | P11: =_xlfn.IFNA(VLOOKUP(C11,S1P!D:N,11,0),"") -> 46227 | R11: =A11 -> CARTE DOR BUFFET
A12: DRESSINGS | B12: 68429197 | C12: 68429197 | D12: HELLMANN'S ΝΤΡΕΣΙΝΓΚ ΜΕΛΙ & ΜΟΥΣΤΑΡΔΑ 6x1 ΛΙΤ | F12: =IF(H12=0,"OOS",IF(H12<=10,"OOS Risk","")) | G12: =_xlfn.IFNA(IF(VLOOKUP(C12,'Cases2021 2022 FC'!AC:AD,2,0)=0,"1",VLOOKUP(C12,'Cases2021 2022 FC'!AC:AD,2,0)),1) -> 54 | H12: =ROUND(J12/G12,0) -> 14 | I12: =IFERROR(IF(L12="",0,L12-$L$1)-1,0) -> 0 | J12: =SUMIF(S1P!D:K,C:C,S1P!I:KI) -> 744 | L12: TBC | M12: =K12 -> 0 | O12: =IF(H12=0,"OOS",IF(H12<=10,"OOS Risk",IF(H12<=20,"SC Input",""))) -> SC Input | P12: =_xlfn.IFNA(VLOOKUP(C12,S1P!D:N,11,0),"") -> 46252 | R12: =A12 -> DRESSINGS
A13: CARTE DOR BUFFET | B13: 67512406 | C13: 67512406 | D13: CDO ΚΕΙΚ ΜΕ ΓΕΥΣΗ ΚΑΚΑΟ 1X20KG | E13: Top 10 | F13: =IF(H13=0,"OOS",IF(H13<=10,"OOS Risk","")) | G13: =_xlfn.IFNA(IF(VLOOKUP(C13,'Cases2021 2022 FC'!AC:AD,2,0)=0,"1",VLOOKUP(C13,'Cases2021 2022 FC'!AC:AD,2,0)),1) -> 1 | H13: =ROUND(J13/G13,0) -> 41 | I13: =IFERROR(IF(L13="",0,L13-$L$1)-0.0001,0) -> 0 | J13: =SUMIF(S1P!D:K,C:C,S1P!I:KI) -> 41 | K13: 0 | L13: TBC | O13: =IF(H13=0,"OOS",IF(H13<=10,"OOS Risk",IF(H13<=20,"SC Input",""))) | P13: =_xlfn.IFNA(VLOOKUP(C13,S1P!D:N,11,0),"") -> 46162 | R13: CARTE DOR BUFFET
A14: SEASONINGS | B14: T20325 | C14: 17193301 | D14: KNORR PRIMERBA ΠΑΣΤΑ ΘΥΜΑΡΙ 2×340 ΓΡ. | F14: =IF(H14=0,"OOS",IF(H14<=10,"OOS Risk","")) | G14: =_xlfn.IFNA(IF(VLOOKUP(C14,'Cases2021 2022 FC'!AC:AD,2,0)=0,"1",VLOOKUP(C14,'Cases2021 2022 FC'!AC:AD,2,0)),1) -> 54 | H14: =ROUND(J14/G14,0) -> 51 | I14: =IFERROR(IF(L14="",0,L14-$L$1)-0.0001,0) -> 0 | J14: =SUMIF(S1P!D:K,C:C,S1P!I:KI) -> 2770 | K14: 3675 | L14: TBC | M14: =K14 -> 3675 | O14: =IF(H14=0,"OOS",IF(H14<=10,"OOS Risk",IF(H14<=20,"SC Input",""))) | P14: =_xlfn.IFNA(VLOOKUP(C14,S1P!D:N,11,0),"") -> 46326 | R14: =A14 -> SEASONINGS
A15: WORLD CUISINES | B15: 67262258 | C15: 67262258 | D15: KN ΠΙΚΑΝΤ.ΣΑΛΤΣΑ ΜΕ ΤΣΙΛΙ,TOMATA 6Χ1ΛΤ | F15: =IF(H15=0,"OOS",IF(H15<=10,"OOS Risk","")) | G15: =_xlfn.IFNA(IF(VLOOKUP(C15,'Cases2021 2022 FC'!AC:AD,2,0)=0,"1",VLOOKUP(C15,'Cases2021 2022 FC'!AC:AD,2,0)),1) -> 1 | H15: =ROUND(J15/G15,0) -> 71 | I15: =IFERROR(IF(L15="",0,L15-$L$1)-0.0001,0) -> 0 | J15: =SUMIF(S1P!D:K,C:C,S1P!I:KI) -> 71 | K15: 80 | L15: TBC | M15: =K15 -> 80 | N15: Delivery was planned fo 04.11.2025 but don't arrive. Im checking this with Dispatch planner. | O15: =IF(H15=0,"OOS",IF(H15<=10,"OOS Risk",IF(H15<=20,"SC Input",""))) | P15: =_xlfn.IFNA(VLOOKUP(C15,S1P!D:N,11,0),"") -> 46205 | R15: =A15 -> WORLD CUISINES
A16: CARTE DOR BUFFET | B16: 67830541 | C16: 67830541 | D16: CDO ΜΟΥΣ ΜΕ ΓΕΥΣΗ ΣΟΚΟΛΑΤΑΣ 1X5KG | F16: =IF(H16=0,"OOS",IF(H16<=10,"OOS Risk","")) | G16: =_xlfn.IFNA(IF(VLOOKUP(C16,'Cases2021 2022 FC'!AC:AD,2,0)=0,"1",VLOOKUP(C16,'Cases2021 2022 FC'!AC:AD,2,0)),1) -> 1 | H16: =ROUND(J16/G16,0) -> 76 | I16: =IFERROR(IF(L16="",0,L16-$L$1)-0.0001,0) -> 0 | J16: =SUMIF(S1P!D:K,C:C,S1P!I:KI) -> 76 | K16: 0 | L16: TBC | O16: =IF(H16=0,"OOS",IF(H16<=10,"OOS Risk",IF(H16<=20,"SC Input",""))) | P16: =_xlfn.IFNA(VLOOKUP(C16,S1P!D:N,11,0),"") -> 46253 | R16: =A16 -> CARTE DOR BUFFET
A17: WORLD CUISINES | B17: 67418234 | C17: 67418234 | D17: ΚΝΟRR ΣΑΛΤΣΑ ΤΕΡΙΓΙΑΚΙ 6x1,23ΚΙΛ | F17: =IF(H17=0,"OOS",IF(H17<=10,"OOS Risk","")) -> OOS | G17: =_xlfn.IFNA(IF(VLOOKUP(C17,'Cases2021 2022 FC'!AC:AD,2,0)=0,"1",VLOOKUP(C17,'Cases2021 2022 FC'!AC:AD,2,0)),1) -> 1 | H17: =ROUND(J17/G17,0) -> 0 | I17: =IFERROR(IF(L17="",0,L17-$L$1)-0.0001,0) -> -8.0001 | J17: =SUMIF(S1P!D:K,C:C,S1P!I:KI) -> 0 | K17: 80 | L17: 46013 | M17: =K17 -> 80 | O17: =IF(H17=0,"OOS",IF(H17<=10,"OOS Risk",IF(H17<=20,"SC Input",""))) -> OOS | P17: =_xlfn.IFNA(VLOOKUP(C17,S1P!D:N,11,0),"") | R17: =A17 -> WORLD CUISINES
A18: ΖΩΜΟΙ | B18: 19522701 | C18: 19522701 | D18: KN ΕΠΑΓΓΕΛΜΑΤΙΚΟΣ ΖΩΜΟΣ ΚΟΤΟΠΟΥΛΟ 2X800ΓΡ | F18: =IF(H18=0,"OOS",IF(H18<=10,"OOS Risk","")) | G18: =_xlfn.IFNA(IF(VLOOKUP(C18,'Cases2021 2022 FC'!AC:AD,2,0)=0,"1",VLOOKUP(C18,'Cases2021 2022 FC'!AC:AD,2,0)),1) -> 5 | H18: =ROUND(J18/G18,0) -> 51 | I18: =IFERROR(IF(L18="",0,L18-$L$1)-0.0001,0) -> 0 | J18: =SUMIF(S1P!D:K,C:C,S1P!I:KI) -> 253 | K18: 313 | L18: TBC | M18: =K18 -> 313 | N18: Production delay. Checking with E2E when he plan to dispatch these goods | O18: =IF(H18=0,"OOS",IF(H18<=10,"OOS Risk",IF(H18<=20,"SC Input",""))) | P18: =_xlfn.IFNA(VLOOKUP(C18,S1P!D:N,11,0),"") -> 46356 | R18: =A18 -> ΖΩΜΟΙ
A19: ΖΩΜΟΙ | B19: 68755990 | C19: 68755990 | D19: ΚΝ ΖΩΜΟΣ ΚΟΤΑΣ ΣΕ ΣΚΟΝΗ 6Χ1 ΚΙΛ. | F19: =IF(H19=0,"OOS",IF(H19<=10,"OOS Risk","")) -> OOS | G19: =_xlfn.IFNA(IF(VLOOKUP(C19,'Cases2021 2022 FC'!AC:AD,2,0)=0,"1",VLOOKUP(C19,'Cases2021 2022 FC'!AC:AD,2,0)),1) -> 2 | H19: =ROUND(J19/G19,0) -> 0 | I19: =IFERROR(IF(L19="",0,L19-$L$1)-1,0) -> -9 | J19: =SUMIF(S1P!D:K,C:C,S1P!I:KI) -> 0 | K19: 144 | L19: 46013 | M19: =K19 -> 144 | O19: =IF(H19=0,"OOS",IF(H19<=10,"OOS Risk",IF(H19<=20,"SC Input",""))) -> OOS | P19: =_xlfn.IFNA(VLOOKUP(C19,S1P!D:N,11,0),"") | R19: =A19 -> ΖΩΜΟΙ
A20: DRESSINGS | B20: 68608109 | C20: 68608109 | D20: HELLMANN'S BINΕΓΚΡΕΤ ΒΑΣΙΛΙΚΟΥ 6Χ1ΛΙΤ. | F20: =IF(H20=0,"OOS",IF(H20<=10,"OOS Risk","")) | G20: =_xlfn.IFNA(IF(VLOOKUP(C20,'Cases2021 2022 FC'!AC:AD,2,0)=0,"1",VLOOKUP(C20,'Cases2021 2022 FC'!AC:AD,2,0)),1) -> 2 | H20: =ROUND(J20/G20,0) -> 57 | I20: =IFERROR(IF(L20="",0,L20-$L$1)-0.0001,0) -> 0 | J20: =SUMIF(S1P!D:K,C:C,S1P!I:KI) -> 114 | K20: 128 | L20: TBC | O20: =IF(H20=0,"OOS",IF(H20<=10,"OOS Risk",IF(H20<=20,"SC Input",""))) | P20: =_xlfn.IFNA(VLOOKUP(C20,S1P!D:N,11,0),"") -> 46303 | R20: =A20 -> DRESSINGS
A21: ΖΩΜΟΙ | B21: 29603001 | C21: 29603001 | D21: ΚΝORR ΥΓΡΟΣ ΖΩΜΟΣ ΟΣΤΡΑΚΟΕΙΔΩΝ 6Χ1L | F21: =IF(H21=0,"OOS",IF(H21<=10,"OOS Risk","")) | G21: =_xlfn.IFNA(IF(VLOOKUP(C21,'Cases2021 2022 FC'!AC:AD,2,0)=0,"1",VLOOKUP(C21,'Cases2021 2022 FC'!AC:AD,2,0)),1) -> 1 | H21: =ROUND(J21/G21,0) -> 91 | I21: =IFERROR(IF(L21="",0,L21-$L$1)-1,0) -> 0 | J21: =SUMIF(S1P!D:K,C:C,S1P!I:KI) -> 91 | L21: TBC | M21: =K21 -> 0 | O21: =IF(H21=0,"OOS",IF(H21<=10,"OOS Risk",IF(H21<=20,"SC Input",""))) | P21: =_xlfn.IFNA(VLOOKUP(C21,S1P!D:N,11,0),"") -> 46248 | R21: =A21 -> ΖΩΜΟΙ
A22: ΣΑΛΤΣΕΣ | B22: 27184701 | C22: 67738206 | D22: KNORR ΣΑΛΤΣΑ ΝΤΕΜΙ ΓΚΛΑΣ 6Χ1,2 ΚΙΛ | E22: Top 10 | F22: =IF(H22=0,"OOS",IF(H22<=10,"OOS Risk","")) | G22: =_xlfn.IFNA(IF(VLOOKUP(C22,'Cases2021 2022 FC'!AC:AD,2,0)=0,"1",VLOOKUP(C22,'Cases2021 2022 FC'!AC:AD,2,0)),1) -> 5 | H22: =ROUND(J22/G22,0) -> 14 | I22: =IFERROR(IF(L22="",0,L22-$L$1)-1,0) -> 0 | J22: =SUMIF(S1P!D:K,C:C,S1P!I:KI) -> 68 | K22: 493 | L22: TBC | M22: =K22 -> 493 | N22: stock is produced but SU don't have enough pallets for reach full truck. Pushing for dispatch on 20.10 (less than a full truck) | O22: =IF(H22=0,"OOS",IF(H22<=10,"OOS Risk",IF(H22<=20,"SC Input",""))) -> SC Input | P22: =_xlfn.IFNA(VLOOKUP(C22,S1P!D:N,11,0),"") -> 46477 | R22: =A22 -> ΣΑΛΤΣΕΣ
A23: SEASONINGS | B23: T20310 | C23: 68448695 | D23: KNORR PRIMERBA ΜΠΟΥΚΕΤΟ ΜΥΡΩΔΙΚΩΝ ΤΟΥ ΑΓΡΟΥ 2 x 340ΓΡ. | F23: =IF(H23=0,"OOS",IF(H23<=10,"OOS Risk","")) | G23: =_xlfn.IFNA(IF(VLOOKUP(C23,'Cases2021 2022 FC'!AC:AD,2,0)=0,"1",VLOOKUP(C23,'Cases2021 2022 FC'!AC:AD,2,0)),1) -> 2 | H23: =ROUND(J23/G23,0) -> 23 | I23: =IFERROR(IF(L23="",0,L23-$L$1)-0.0001,0) -> 0 | J23: =SUMIF(S1P!D:K,C:C,S1P!I:KI) -> 45 | K23: 0 | L23: TBC | O23: =IF(H23=0,"OOS",IF(H23<=10,"OOS Risk",IF(H23<=20,"SC Input",""))) | P23: =_xlfn.IFNA(VLOOKUP(C23,S1P!D:N,11,0),"") -> 46203 | R23: =A23 -> SEASONINGS
A24: ΚΕΤΣΑΠ | B24: 67969831 | C24: 67969831 | D24: HELLMANN'S ΜΕΡΙΔΕΣ ΜΠΑΡΜΠΕΚΙΟΥ 198x10ML | E24: Top 10 | F24: =IF(H24=0,"OOS",IF(H24<=10,"OOS Risk","")) | G24: =_xlfn.IFNA(IF(VLOOKUP(C24,'Cases2021 2022 FC'!AC:AD,2,0)=0,"1",VLOOKUP(C24,'Cases2021 2022 FC'!AC:AD,2,0)),1) -> 32 | H24: =ROUND(J24/G24,0) -> 59 | I24: =IFERROR(IF(L24="",0,L24-$L$1)-0.0001,0) -> 0 | J24: =SUMIF(S1P!D:K,C:C,S1P!I:KI) -> 1878 | K24: 1344 | L24: TBC | M24: =K24 -> 1344 | N24: stock in transit | O24: =IF(H24=0,"OOS",IF(H24<=10,"OOS Risk",IF(H24<=20,"SC Input",""))) | P24: =_xlfn.IFNA(VLOOKUP(C24,S1P!D:N,11,0),"") -> 46276 | R24: =A24 -> ΚΕΤΣΑΠ
A25: DRESSINGS | B25: 68422852 | C25: 64313588 | D25: HELLMANN'S ΝΤΡΕΣΙΝΓΚ ΒΑΛΣΑΜΙΚΟ 6x1 ΛΙΤ | F25: =IF(H25=0,"OOS",IF(H25<=10,"OOS Risk","")) | G25: =_xlfn.IFNA(IF(VLOOKUP(C25,'Cases2021 2022 FC'!AC:AD,2,0)=0,"1",VLOOKUP(C25,'Cases2021 2022 FC'!AC:AD,2,0)),1) -> 9 | H25: =ROUND(J25/G25,0) -> 56 | I25: =IFERROR(IF(L25="",0,L25-$L$1)-0.0001,0) -> 0 | J25: =SUMIF(S1P!D:K,C:C,S1P!I:KI) -> 507 | K25: 936 | L25: TBC | O25: =IF(H25=0,"OOS",IF(H25<=10,"OOS Risk",IF(H25<=20,"SC Input",""))) | P25: =_xlfn.IFNA(VLOOKUP(C25,S1P!D:N,11,0),"") -> 46287 | R25: =A25 -> DRESSINGS
A26: SEASONINGS | B26: 64303966 | C26: 64303966 | D26: KNORR PRIMERBA ΠΕΣΤΟ ΜΕ ΚΟΥΚΟΥΝΑΡΙ 2×340ΓΡ. | F26: =IF(H26=0,"OOS",IF(H26<=10,"OOS Risk","")) | G26: =_xlfn.IFNA(IF(VLOOKUP(C26,'Cases2021 2022 FC'!AC:AD,2,0)=0,"1",VLOOKUP(C26,'Cases2021 2022 FC'!AC:AD,2,0)),1) -> 2 | H26: =ROUND(J26/G26,0) -> 210 | I26: =IFERROR(IF(L26="",0,L26-$L$1)-0.0001,0) -> 0 | J26: =SUMIF(S1P!D:K,C:C,S1P!I:KI) -> 420 | K26: 0 | L26: TBC | O26: =IF(H26=0,"OOS",IF(H26<=10,"OOS Risk",IF(H26<=20,"SC Input",""))) | P26: =_xlfn.IFNA(VLOOKUP(C26,S1P!D:N,11,0),"") -> 46142 | R26: =A26 -> SEASONINGS
A27: ΜΑΓΙΟΝΕΖΑ | B27: 67750998 | C27: 67750998 | D27: HLMNS ΑΝΑΠ.ΜΑΓΙΟΝΕΖΑΣ 6Χ820ΓΡ | F27: =IF(H27=0,"OOS",IF(H27<=10,"OOS Risk","")) | G27: =_xlfn.IFNA(IF(VLOOKUP(C27,'Cases2021 2022 FC'!AC:AD,2,0)=0,"1",VLOOKUP(C27,'Cases2021 2022 FC'!AC:AD,2,0)),1) -> 4 | H27: =ROUND(J27/G27,0) -> 89 | I27: =IFERROR(IF(L27="",0,L27-$L$1)-0.0001,0) -> 0 | J27: =SUMIF(S1P!D:K,C:C,S1P!I:KI) -> 357 | K27: 250 | L27: TBC | M27: =K27 -> 250 | O27: =IF(H27=0,"OOS",IF(H27<=10,"OOS Risk",IF(H27<=20,"SC Input",""))) | P27: =_xlfn.IFNA(VLOOKUP(C27,S1P!D:N,11,0),"") -> 46203 | R27: =A27 -> ΜΑΓΙΟΝΕΖΑ
A28: ΖΩΜΟΙ | B28: 68768919 | C28: 68768919 | D28: KNORR ΖΩΜΟΣ ΛΑΧΑΝ ΣΕ ΣΚΟΝΗ 6Χ1,25 ΚΙΛ | F28: =IF(H28=0,"OOS",IF(H28<=10,"OOS Risk","")) | G28: =_xlfn.IFNA(IF(VLOOKUP(C28,'Cases2021 2022 FC'!AC:AD,2,0)=0,"1",VLOOKUP(C28,'Cases2021 2022 FC'!AC:AD,2,0)),1) -> 10 | H28: =ROUND(J28/G28,0) -> 29 | I28: =IFERROR(IF(L28="",0,L28-$L$1)-0.0001,0) -> -54.0001 | J28: =SUMIF(S1P!D:K,C:C,S1P!I:KI) -> 289 | K28: 675 | L28: 45967 | M28: 585 | N28: not enough pallets to fulfil a truck; waiting for more updates from E2E | O28: =IF(H28=0,"OOS",IF(H28<=10,"OOS Risk",IF(H28<=20,"SC Input",""))) | P28: =_xlfn.IFNA(VLOOKUP(C28,S1P!D:N,11,0),"") -> 46507 | R28: =A28 -> ΖΩΜΟΙ
A29: SEASONINGS | B29: T20327 | C29: 17193101 | D29: KNORR PRIMERBA ΠΑΣΤΑ ΔΕΝΔΡΟΛΙΒΑΝΟ 2×340ΓΡ. | F29: =IF(H29=0,"OOS",IF(H29<=10,"OOS Risk","")) | G29: =_xlfn.IFNA(IF(VLOOKUP(C29,'Cases2021 2022 FC'!AC:AD,2,0)=0,"1",VLOOKUP(C29,'Cases2021 2022 FC'!AC:AD,2,0)),1) -> 2 | H29: =ROUND(J29/G29,0) -> 92 | I29: =IFERROR(IF(L29="",0,L29-$L$1)-0.0001,0) -> 0 | J29: =SUMIF(S1P!D:K,C:C,S1P!I:KI) -> 184 | K29: 0 | L29: TBC | O29: =IF(H29=0,"OOS",IF(H29<=10,"OOS Risk",IF(H29<=20,"SC Input",""))) | P29: =_xlfn.IFNA(VLOOKUP(C29,S1P!D:N,11,0),"") -> 46234 | R29: =A29 -> SEASONINGS
A30: ΜΟΥΣΤΑΡΔΑ | B30: 19485901 | C30: 64813348 | D30: HELLMANN’S ΜΟΥΣΤΑΡΔΑ ΜΙΝΙ ΒΑΖ. 1X80X33ML | F30: =IF(H30=0,"OOS",IF(H30<=10,"OOS Risk","")) | G30: =_xlfn.IFNA(IF(VLOOKUP(C30,'Cases2021 2022 FC'!AC:AD,2,0)=0,"1",VLOOKUP(C30,'Cases2021 2022 FC'!AC:AD,2,0)),1) -> 1 | H30: =ROUND(J30/G30,0) -> 551 | I30: =IFERROR(IF(L30="",0,L30-$L$1)-0.0001,0) -> 0 | J30: =SUMIF(S1P!D:K,C:C,S1P!I:KI) -> 551 | K30: 0 | L30: TBC | O30: =IF(H30=0,"OOS",IF(H30<=10,"OOS Risk",IF(H30<=20,"SC Input",""))) | P30: =_xlfn.IFNA(VLOOKUP(C30,S1P!D:N,11,0),"") -> 46234 | R30: =A30 -> ΜΟΥΣΤΑΡΔΑ
A31: ΣΙΡΟΠΙΑ | B31: 64344801 | C31: 64344801 | D31: CARTE D'OR ΣΙΡΟΠΙ ΚΑΡAMEΛΑ TOFFEE 6X1L | F31: =IF(H31=0,"OOS",IF(H31<=10,"OOS Risk","")) | G31: =_xlfn.IFNA(IF(VLOOKUP(C31,'Cases2021 2022 FC'!AC:AD,2,0)=0,"1",VLOOKUP(C31,'Cases2021 2022 FC'!AC:AD,2,0)),1) -> 1 | H31: =ROUND(J31/G31,0) -> 247 | I31: =IFERROR(IF(L31="",0,L31-$L$1)-0.0001,0) -> 0 | J31: =SUMIF(S1P!D:K,C:C,S1P!I:KI) -> 247 | K31: 200 | L31: TBC | M31: =K31 -> 200 | N31: stock transfer from ES was not organized on time. Ultra is looking for a truck now with potential delivery date on 21.10. Prod at SU just in wk45 | O31: =IF(H31=0,"OOS",IF(H31<=10,"OOS Risk",IF(H31<=20,"SC Input",""))) | P31: =_xlfn.IFNA(VLOOKUP(C31,S1P!D:N,11,0),"") -> 46510 | R31: =A31 -> ΣΙΡΟΠΙΑ
A32: ΣΑΛΤΣΕΣ | B32: 6404803 | C32: 64882125 | D32: KNORR ΣΑΛΤΣΑ ΗOLLANDAISE 6X825ΓΡ | F32: =IF(H32=0,"OOS",IF(H32<=10,"OOS Risk","")) -> OOS | G32: =_xlfn.IFNA(IF(VLOOKUP(C32,'Cases2021 2022 FC'!AC:AD,2,0)=0,"1",VLOOKUP(C32,'Cases2021 2022 FC'!AC:AD,2,0)),1) -> 1 | H32: =ROUND(J32/G32,0) -> 0 | I32: =IFERROR(IF(L32="",0,L32-$L$1)-0.0001,0) -> -8.0001 | J32: =SUMIF(S1P!D:K,C:C,S1P!I:KI) -> 0 | K32: 105 | L32: 46013 | M32: =K32 -> 105 | O32: =IF(H32=0,"OOS",IF(H32<=10,"OOS Risk",IF(H32<=20,"SC Input",""))) -> OOS | P32: =_xlfn.IFNA(VLOOKUP(C32,S1P!D:N,11,0),"") | R32: =A32 -> ΣΑΛΤΣΕΣ
A33: ΥΓΡΕΣ ΣΑΛΤΣΕΣ | B33: 64334251 | C33: 64919934 | D33: KNORR ΥΓΡΗ ΣΑΛΤΣΑ ΜΠΕΑΡΝΕΖ 6Χ1 ΛΙΤΡΟ | F33: =IF(H33=0,"OOS",IF(H33<=10,"OOS Risk","")) -> OOS | G33: =_xlfn.IFNA(IF(VLOOKUP(C33,'Cases2021 2022 FC'!AC:AD,2,0)=0,"1",VLOOKUP(C33,'Cases2021 2022 FC'!AC:AD,2,0)),1) -> 1 | H33: =ROUND(J33/G33,0) -> 0 | I33: =IFERROR(IF(L33="",0,L33-$L$1)-0.0001,0) -> 0 | J33: =SUMIF(S1P!D:K,C:C,S1P!I:KI) -> 0 | K33: 360 | L33: TBC | M33: =K33 -> 360 | N33: component in Intrapack; checking delivery (I hope for this Friday) | O33: =IF(H33=0,"OOS",IF(H33<=10,"OOS Risk",IF(H33<=20,"SC Input",""))) -> OOS | P33: =_xlfn.IFNA(VLOOKUP(C33,S1P!D:N,11,0),"") | R33: =A33 -> ΥΓΡΕΣ ΣΑΛΤΣΕΣ
A34: SEASONINGS | B34: T20329 | C34: 81334801 | D34: KNORR PRIMERBA ΨΗΜΕΝΟ ΚΡΕΜΜΥΔΙ 2Χ340 ΓΡ. | F34: =IF(H34=0,"OOS",IF(H34<=10,"OOS Risk","")) | G34: =_xlfn.IFNA(IF(VLOOKUP(C34,'Cases2021 2022 FC'!AC:AD,2,0)=0,"1",VLOOKUP(C34,'Cases2021 2022 FC'!AC:AD,2,0)),1) -> 2 | H34: =ROUND(J34/G34,0) -> 237 | I34: =IFERROR(IF(L34="",0,L34-$L$1)-0.0001,0) -> 0 | J34: =SUMIF(S1P!D:K,C:C,S1P!I:KI) -> 473 | K34: 0 | L34: TBC | O34: =IF(H34=0,"OOS",IF(H34<=10,"OOS Risk",IF(H34<=20,"SC Input",""))) | P34: =_xlfn.IFNA(VLOOKUP(C34,S1P!D:N,11,0),"") -> 46203 | R34: =A34 -> SEASONINGS
A35: SPREADS | B35: 64312722 | C35: 64886744 | D35: Calve Φυστικοβούτυρο 6x1 kg | F35: =IF(H35=0,"OOS",IF(H35<=10,"OOS Risk","")) | G35: =_xlfn.IFNA(IF(VLOOKUP(C35,'Cases2021 2022 FC'!AC:AD,2,0)=0,"1",VLOOKUP(C35,'Cases2021 2022 FC'!AC:AD,2,0)),1) -> 2 | H35: =ROUND(J35/G35,0) -> 153 | I35: =IFERROR(IF(L35="",0,L35-$L$1)-0.0001,0) -> 0 | J35: =SUMIF(S1P!D:K,C:C,S1P!I:KI) -> 305 | K35: 0 | L35: TBC | O35: =IF(H35=0,"OOS",IF(H35<=10,"OOS Risk",IF(H35<=20,"SC Input",""))) | P35: =_xlfn.IFNA(VLOOKUP(C35,S1P!D:N,11,0),"") -> 46207 | R35: =A35 -> SPREADS
A36: ΣΙΡΟΠΙΑ | B36: 64345464 | C36: 64345464 | D36: CARTE D'OR ΣΙΡΟΠΙ ΣΟΚΟΛΑΤΑ 6Χ1L | F36: =IF(H36=0,"OOS",IF(H36<=10,"OOS Risk","")) | G36: =_xlfn.IFNA(IF(VLOOKUP(C36,'Cases2021 2022 FC'!AC:AD,2,0)=0,"1",VLOOKUP(C36,'Cases2021 2022 FC'!AC:AD,2,0)),1) -> 1 | H36: =ROUND(J36/G36,0) -> 129 | I36: =IFERROR(IF(L36="",0,L36-$L$1)-0.0001,0) -> 0 | J36: =SUMIF(S1P!D:K,C:C,S1P!I:KI) -> 129 | K36: 300 | L36: TBC | M36: =K36 -> 300 | N36: delivered 18.09 | O36: =IF(H36=0,"OOS",IF(H36<=10,"OOS Risk",IF(H36<=20,"SC Input",""))) | P36: =_xlfn.IFNA(VLOOKUP(C36,S1P!D:N,11,0),"") -> 46428 | R36: =A36 -> ΣΙΡΟΠΙΑ
A37: ΚΕΤΣΑΠ | B37: 67751029 | C37: 67751029 | D37: HLMNS ΣΑΛΤΣΑ ΜΠΑΡΜΠΕΚΙΟΥ 6Χ950ΓΡ | F37: =IF(H37=0,"OOS",IF(H37<=10,"OOS Risk","")) | G37: =_xlfn.IFNA(IF(VLOOKUP(C37,'Cases2021 2022 FC'!AC:AD,2,0)=0,"1",VLOOKUP(C37,'Cases2021 2022 FC'!AC:AD,2,0)),1) -> 2 | H37: =ROUND(J37/G37,0) -> 322 | I37: =IFERROR(IF(L37="",0,L37-$L$1)-0.0001,0) -> 0 | J37: =SUMIF(S1P!D:K,C:C,S1P!I:KI) -> 643 | K37: 125 | L37: TBC | M37: =K37 -> 125 | N37: stock in transit | O37: =IF(H37=0,"OOS",IF(H37<=10,"OOS Risk",IF(H37<=20,"SC Input",""))) | P37: =_xlfn.IFNA(VLOOKUP(C37,S1P!D:N,11,0),"") -> 46325 | R37: =A37 -> ΚΕΤΣΑΠ
A38: ΒΟΗΘ. ΖΑΧΑΡΟΠΛΑΣΤΙΚΗΣ ΜΑΓΕΙΡΙΚΗΣ | B38: 15103501 | C38: 68761777 | D38: MAIZENA ΚΟΡΝ ΦΛΑΟΥΡ 4Χ2,5 ΚΙΛ | F38: =IF(H38=0,"OOS",IF(H38<=10,"OOS Risk","")) | G38: =_xlfn.IFNA(IF(VLOOKUP(C38,'Cases2021 2022 FC'!AC:AD,2,0)=0,"1",VLOOKUP(C38,'Cases2021 2022 FC'!AC:AD,2,0)),1) -> 9 | H38: =ROUND(J38/G38,0) -> 17 | I38: =IFERROR(IF(L38="",0,L38-$L$1)-0.0001,0) -> 0 | J38: =SUMIF(S1P!D:K,C:C,S1P!I:KI) -> 154 | K38: 1188 | L38: TBC | O38: =IF(H38=0,"OOS",IF(H38<=10,"OOS Risk",IF(H38<=20,"SC Input",""))) -> SC Input | P38: =_xlfn.IFNA(VLOOKUP(C38,S1P!D:N,11,0),"") -> 47057 | R38: =A38 -> ΒΟΗΘ. ΖΑΧΑΡΟΠΛΑΣΤΙΚΗΣ ΜΑΓΕΙΡΙΚΗΣ
A39: ΓΑΡΝΙΤΟΥΡΕΣ | B39: 6295803 | C39: 11247103 | D39: KNORR ΑΦΥΔ. ΣΑΛΑΤΑ TAΜΠΟΥΛΕ (COUS COUS) 6Χ625 ΓΡ. | F39: =IF(H39=0,"OOS",IF(H39<=10,"OOS Risk","")) | G39: =_xlfn.IFNA(IF(VLOOKUP(C39,'Cases2021 2022 FC'!AC:AD,2,0)=0,"1",VLOOKUP(C39,'Cases2021 2022 FC'!AC:AD,2,0)),1) -> 2 | H39: =ROUND(J39/G39,0) -> 245 | I39: =IFERROR(IF(L39="",0,L39-$L$1)-0.0001,0) -> 0 | J39: =SUMIF(S1P!D:K,C:C,S1P!I:KI) -> 490 | K39: 0 | L39: TBC | O39: =IF(H39=0,"OOS",IF(H39<=10,"OOS Risk",IF(H39<=20,"SC Input",""))) | P39: =_xlfn.IFNA(VLOOKUP(C39,S1P!D:N,11,0),"") -> 46356 | R39: =A39 -> ΓΑΡΝΙΤΟΥΡΕΣ
A40: ΒΟΗΘ. ΖΑΧΑΡΟΠΛΑΣΤΙΚΗΣ ΜΑΓΕΙΡΙΚΗΣ | B40: 64360280 | C40: 64360280 | D40: KNORR ROUX ΛΕΥΚΟ 6Χ1KG | F40: =IF(H40=0,"OOS",IF(H40<=10,"OOS Risk","")) | G40: =_xlfn.IFNA(IF(VLOOKUP(C40,'Cases2021 2022 FC'!AC:AD,2,0)=0,"1",VLOOKUP(C40,'Cases2021 2022 FC'!AC:AD,2,0)),1) -> 6 | H40: =ROUND(J40/G40,0) -> 14 | I40: =IFERROR(IF(L40="",0,L40-$L$1)-1,0) -> 0 | J40: =SUMIF(S1P!D:K,C:C,S1P!I:KI) -> 86 | K40: 216 | L40: TBC | M40: =K40 -> 216 | N40: working with stock transfer from Spain | O40: =IF(H40=0,"OOS",IF(H40<=10,"OOS Risk",IF(H40<=20,"SC Input",""))) -> SC Input | P40: =_xlfn.IFNA(VLOOKUP(C40,S1P!D:N,11,0),"") -> 46507 | R40: =A40 -> ΒΟΗΘ. ΖΑΧΑΡΟΠΛΑΣΤΙΚΗΣ ΜΑΓΕΙΡΙΚΗΣ
A41: ΖΩΜΟΙ | B41: 19502801 | C41: 68448698 | D41: KN ΕΠΑΓΓΕΛΜΑΤΙΚΟΣ ΖΩΜΟΣ ΒΟΔΙΝΟΥ 2X800G | F41: =IF(H41=0,"OOS",IF(H41<=10,"OOS Risk","")) | G41: =_xlfn.IFNA(IF(VLOOKUP(C41,'Cases2021 2022 FC'!AC:AD,2,0)=0,"1",VLOOKUP(C41,'Cases2021 2022 FC'!AC:AD,2,0)),1) -> 1 | H41: =ROUND(J41/G41,0) -> 458 | I41: =IFERROR(IF(L41="",0,L41-$L$1)-0.0001,0) -> 0 | J41: =SUMIF(S1P!D:K,C:C,S1P!I:KI) -> 458 | K41: 313 | L41: TBC | O41: =IF(H41=0,"OOS",IF(H41<=10,"OOS Risk",IF(H41<=20,"SC Input",""))) | P41: =_xlfn.IFNA(VLOOKUP(C41,S1P!D:N,11,0),"") -> 46081 | R41: =A41 -> ΖΩΜΟΙ
A42: DRESSINGS | B42: 12110903 | C42: 12110903 | D42: HLMNS ΣΑΛΤΣΑ ΜΟΥΣΤΑΡΔΑΣ 3Λ | F42: =IF(H42=0,"OOS",IF(H42<=10,"OOS Risk","")) | G42: =_xlfn.IFNA(IF(VLOOKUP(C42,'Cases2021 2022 FC'!AC:AD,2,0)=0,"1",VLOOKUP(C42,'Cases2021 2022 FC'!AC:AD,2,0)),1) -> 21 | H42: =ROUND(J42/G42,0) -> 20 | I42: =IFERROR(IF(L42="",0,L42-$L$1)-0.0001,0) -> -19.0001 | J42: =SUMIF(S1P!D:K,C:C,S1P!I:KI) -> 414 | K42: 698 | L42: 46002 | M42: =K42 -> 698 | N42: delivered today | O42: =IF(H42=0,"OOS",IF(H42<=10,"OOS Risk",IF(H42<=20,"SC Input",""))) -> SC Input | P42: =_xlfn.IFNA(VLOOKUP(C42,S1P!D:N,11,0),"") -> 46203 | R42: =A42 -> DRESSINGS
A43: ΥΓΡΕΣ ΣΑΛΤΣΕΣ | B43: 64332272 | C43: 64919936 | D43: KNORR ΥΓΡΗ ΣΑΛΤΣΑ TΥΡΙΩΝ 6Χ1 ΛΙΤΡΟ | F43: =IF(H43=0,"OOS",IF(H43<=10,"OOS Risk","")) -> OOS | G43: =_xlfn.IFNA(IF(VLOOKUP(C43,'Cases2021 2022 FC'!AC:AD,2,0)=0,"1",VLOOKUP(C43,'Cases2021 2022 FC'!AC:AD,2,0)),1) -> 1 | H43: =ROUND(J43/G43,0) -> 0 | I43: =IFERROR(IF(L43="",0,L43-$L$1)-0.0001,0) -> 0 | J43: =SUMIF(S1P!D:K,C:C,S1P!I:KI) -> 0 | K43: 360 | L43: TBC | M43: =K43 -> 360 | N43: component in Intrapack; checking delivery (I hope for this Friday) | O43: =IF(H43=0,"OOS",IF(H43<=10,"OOS Risk",IF(H43<=20,"SC Input",""))) -> OOS | P43: =_xlfn.IFNA(VLOOKUP(C43,S1P!D:N,11,0),"") | R43: =A43 -> ΥΓΡΕΣ ΣΑΛΤΣΕΣ
A44: DRESSINGS | B44: T21134 | C44: 28000701 | D44: HELLMANN'S ΝΤΡΕΣΙΝΓΚ ΣΙΖΑΡ 3x3 ΛΙΤ | E44: Top 10 | F44: =IF(H44=0,"OOS",IF(H44<=10,"OOS Risk","")) -> OOS Risk | G44: =_xlfn.IFNA(IF(VLOOKUP(C44,'Cases2021 2022 FC'!AC:AD,2,0)=0,"1",VLOOKUP(C44,'Cases2021 2022 FC'!AC:AD,2,0)),1) -> 170 | H44: =ROUND(J44/G44,0) -> 8 | I44: =IFERROR(IF(L44="",0,L44-$L$1)-0.0001,0) -> -11.0001 | J44: =SUMIF(S1P!D:K,C:C,S1P!I:KI) -> 1296 | K44: 2667 | L44: 46010 | M44: =K44 -> 2667 | N44: prod in Rentis 17.12 | O44: =IF(H44=0,"OOS",IF(H44<=10,"OOS Risk",IF(H44<=20,"SC Input",""))) -> OOS Risk | P44: =_xlfn.IFNA(VLOOKUP(C44,S1P!D:N,11,0),"") -> 46173 | R44: =A44 -> DRESSINGS
A45: ΥΓΡΕΣ ΣΑΛΤΣΕΣ | B45: 64313505 | C45: 64766001 | D45: KNORR ΣΑΛΤΣΑ ΚΑΡΡΥ 2 x 2,2 ΛΤ. | F45: =IF(H45=0,"OOS",IF(H45<=10,"OOS Risk","")) | G45: =_xlfn.IFNA(IF(VLOOKUP(C45,'Cases2021 2022 FC'!AC:AD,2,0)=0,"1",VLOOKUP(C45,'Cases2021 2022 FC'!AC:AD,2,0)),1) -> 1 | H45: =ROUND(J45/G45,0) -> 128 | I45: =IFERROR(IF(L45="",0,L45-$L$1)-0.0001,0) -> 0 | J45: =SUMIF(S1P!D:K,C:C,S1P!I:KI) -> 128 | K45: 170 | L45: TBC | M45: =K45 -> 170 | O45: =IF(H45=0,"OOS",IF(H45<=10,"OOS Risk",IF(H45<=20,"SC Input",""))) | P45: =_xlfn.IFNA(VLOOKUP(C45,S1P!D:N,11,0),"") -> 46112 | R45: =A45 -> ΥΓΡΕΣ ΣΑΛΤΣΕΣ
A46: CARTE DOR BUFFET | B46: 67511967 | C46: 67511967 | D46: CDO CRÈME PATISSERRIE1X15KG | F46: =IF(H46=0,"OOS",IF(H46<=10,"OOS Risk","")) | G46: =_xlfn.IFNA(IF(VLOOKUP(C46,'Cases2021 2022 FC'!AC:AD,2,0)=0,"1",VLOOKUP(C46,'Cases2021 2022 FC'!AC:AD,2,0)),1) -> 1 | H46: =ROUND(J46/G46,0) -> 41 | I46: =IFERROR(IF(L46="",0,L46-$L$1)-1,0) -> -51 | J46: =SUMIF(S1P!D:K,C:C,S1P!I:KI) -> 41 | K46: 52 | L46: 45971 | M46: =K46 -> 52 | N46: new order created 27.10. We should receive delivery within 2 weeks | O46: =IF(H46=0,"OOS",IF(H46<=10,"OOS Risk",IF(H46<=20,"SC Input",""))) | P46: =_xlfn.IFNA(VLOOKUP(C46,S1P!D:N,11,0),"") -> 46325 | R46: =A46 -> CARTE DOR BUFFET
A47: ΖΩΜΟΙ | B47: 19503901 | C47: 68448709 | D47: KN ΕΠΑΓΓΕΛΜΑΤΙΚΟΣ ΖΩΜΟΣ ΛΑΧΑΝΙΚΩΝ 2X800ΓΡ | F47: =IF(H47=0,"OOS",IF(H47<=10,"OOS Risk","")) | G47: =_xlfn.IFNA(IF(VLOOKUP(C47,'Cases2021 2022 FC'!AC:AD,2,0)=0,"1",VLOOKUP(C47,'Cases2021 2022 FC'!AC:AD,2,0)),1) -> 1 | H47: =ROUND(J47/G47,0) -> 79 | I47: =IFERROR(IF(L47="",0,L47-$L$1)-0.0001,0) -> 0 | J47: =SUMIF(S1P!D:K,C:C,S1P!I:KI) -> 79 | K47: 0 | L47: TBC | O47: =IF(H47=0,"OOS",IF(H47<=10,"OOS Risk",IF(H47<=20,"SC Input",""))) | P47: =_xlfn.IFNA(VLOOKUP(C47,S1P!D:N,11,0),"") -> 46081 | R47: =A47 -> ΖΩΜΟΙ
A48: ΖΩΜΟΙ | B48: 12011702 | C48: 12011702 | D48: KNORR ΖΩΜΟΣ ΚΟΤΑΣ 1*4Κ | E48: Top 10 | F48: =IF(H48=0,"OOS",IF(H48<=10,"OOS Risk","")) | G48: =_xlfn.IFNA(IF(VLOOKUP(C48,'Cases2021 2022 FC'!AC:AD,2,0)=0,"1",VLOOKUP(C48,'Cases2021 2022 FC'!AC:AD,2,0)),1) -> 31 | H48: =ROUND(J48/G48,0) -> 60 | I48: =IFERROR(IF(L48="",0,L48-$L$1)-0.0001,0) -> 0 | J48: =SUMIF(S1P!D:K,C:C,S1P!I:KI) -> 1845 | K48: 11803 | L48: TBC | O48: =IF(H48=0,"OOS",IF(H48<=10,"OOS Risk",IF(H48<=20,"SC Input",""))) | P48: =_xlfn.IFNA(VLOOKUP(C48,S1P!D:N,11,0),"") -> 46477 | R48: =A48 -> ΖΩΜΟΙ
A49: DRESSINGS | B49: 64324725 | C49: 64324725 | D49: HELLMANN'S ΝΤΡΕΣΙΝΓΚ 1000 ΝΗΣΙΑ 6x1Λ | F49: =IF(H49=0,"OOS",IF(H49<=10,"OOS Risk","")) | G49: =_xlfn.IFNA(IF(VLOOKUP(C49,'Cases2021 2022 FC'!AC:AD,2,0)=0,"1",VLOOKUP(C49,'Cases2021 2022 FC'!AC:AD,2,0)),1) -> 8 | H49: =ROUND(J49/G49,0) -> 64 | I49: =IFERROR(IF(L49="",0,L49-$L$1)-0.0001,0) -> 0 | J49: =SUMIF(S1P!D:K,C:C,S1P!I:KI) -> 515 | L49: TBC | M49: =K49 -> 0 | O49: =IF(H49=0,"OOS",IF(H49<=10,"OOS Risk",IF(H49<=20,"SC Input",""))) | P49: =_xlfn.IFNA(VLOOKUP(C49,S1P!D:N,11,0),"") -> 46289 | R49: =A49 -> DRESSINGS
A50: DRESSINGS | B50: 12886101 | C50: 12886101 | D50: HELLMANN'S ΒΙΝΕΓΚΡΕΤ ΜΕ ΕΣΠΕΡIΔΟΕΙΔΗ 6Χ1ΛΙΤ. | F50: =IF(H50=0,"OOS",IF(H50<=10,"OOS Risk","")) -> OOS Risk | G50: =_xlfn.IFNA(IF(VLOOKUP(C50,'Cases2021 2022 FC'!AC:AD,2,0)=0,"1",VLOOKUP(C50,'Cases2021 2022 FC'!AC:AD,2,0)),1) -> 37 | H50: =ROUND(J50/G50,0) -> 3 | I50: =IFERROR(IF(L50="",0,L50-$L$1)-0.0001,0) -> -11.0001 | J50: =SUMIF(S1P!D:K,C:C,S1P!I:KI) -> 118 | K50: 1249 | L50: 46010 | M50: =K50 -> 1249 | N50: loading 16.12 | O50: =IF(H50=0,"OOS",IF(H50<=10,"OOS Risk",IF(H50<=20,"SC Input",""))) -> OOS Risk | P50: =_xlfn.IFNA(VLOOKUP(C50,S1P!D:N,11,0),"") -> 46267 | R50: =A50 -> DRESSINGS
A51: ΖΩΜΟΙ | B51: 19630701 | C51: 19630701 | D51: KNORR ΖΩΜΟΣ ΒΟΔΙΝΟΥ 6x1,2ΚΙΛ | F51: =IF(H51=0,"OOS",IF(H51<=10,"OOS Risk","")) | G51: =_xlfn.IFNA(IF(VLOOKUP(C51,'Cases2021 2022 FC'!AC:AD,2,0)=0,"1",VLOOKUP(C51,'Cases2021 2022 FC'!AC:AD,2,0)),1) -> 2 | H51: =ROUND(J51/G51,0) -> 22 | I51: =IFERROR(IF(L51="",0,L51-$L$1)-0.0001,0) -> 0 | J51: =SUMIF(S1P!D:K,C:C,S1P!I:KI) -> 43 | K51: 1024 | L51: TBC | O51: =IF(H51=0,"OOS",IF(H51<=10,"OOS Risk",IF(H51<=20,"SC Input",""))) | P51: =_xlfn.IFNA(VLOOKUP(C51,S1P!D:N,11,0),"") -> 46387 | R51: =A51 -> ΖΩΜΟΙ
A52: ΖΩΜΟΙ | B52: 10003604 | C52: 68731560 | D52: KNORR ΖΩΜΟΣ ΜΑΝΙΤΑΡΙ ΜΕ PORCINI 6X0,5 ΚΙΛ | F52: =IF(H52=0,"OOS",IF(H52<=10,"OOS Risk","")) | G52: =_xlfn.IFNA(IF(VLOOKUP(C52,'Cases2021 2022 FC'!AC:AD,2,0)=0,"1",VLOOKUP(C52,'Cases2021 2022 FC'!AC:AD,2,0)),1) -> 2 | H52: =ROUND(J52/G52,0) -> 37 | I52: =IFERROR(IF(L52="",0,L52-$L$1)-0.0001,0) -> 0 | J52: =SUMIF(S1P!D:K,C:C,S1P!I:KI) -> 73 | K52: 0 | L52: TBC | O52: =IF(H52=0,"OOS",IF(H52<=10,"OOS Risk",IF(H52<=20,"SC Input",""))) | P52: =_xlfn.IFNA(VLOOKUP(C52,S1P!D:N,11,0),"") -> 46418 | R52: =A52 -> ΖΩΜΟΙ
A53: ΖΩΜΟΙ | B53: 11336407 | C53: 68729734 | D53: KNORR ΖΩΜΟΣ ΣΑΦΡΑΝ 2Χ0,8 ΚΙΛ. | F53: =IF(H53=0,"OOS",IF(H53<=10,"OOS Risk","")) | G53: =_xlfn.IFNA(IF(VLOOKUP(C53,'Cases2021 2022 FC'!AC:AD,2,0)=0,"1",VLOOKUP(C53,'Cases2021 2022 FC'!AC:AD,2,0)),1) -> 5 | H53: =ROUND(J53/G53,0) -> 165 | I53: =IFERROR(IF(L53="",0,L53-$L$1)-1,0) -> 0 | J53: =SUMIF(S1P!D:K,C:C,S1P!I:KI) -> 827 | K53: 1750 | L53: TBC | O53: =IF(H53=0,"OOS",IF(H53<=10,"OOS Risk",IF(H53<=20,"SC Input",""))) | P53: =_xlfn.IFNA(VLOOKUP(C53,S1P!D:N,11,0),"") -> 46446 | R53: =A53 -> ΖΩΜΟΙ
A54: SEASONINGS | B54: 19513602 | C54: 19513602 | D54: KNORR ΑΡΩΜΑΤ 6X500ΓΡ | F54: =IF(H54=0,"OOS",IF(H54<=10,"OOS Risk","")) | G54: =_xlfn.IFNA(IF(VLOOKUP(C54,'Cases2021 2022 FC'!AC:AD,2,0)=0,"1",VLOOKUP(C54,'Cases2021 2022 FC'!AC:AD,2,0)),1) -> 13 | H54: =ROUND(J54/G54,0) -> 59 | I54: =IFERROR(IF(L54="",0,L54-$L$1)-1,0) -> 0 | J54: =SUMIF(S1P!D:K,C:C,S1P!I:KI) -> 764 | K54: 918 | L54: TBC | O54: =IF(H54=0,"OOS",IF(H54<=10,"OOS Risk",IF(H54<=20,"SC Input",""))) | P54: =_xlfn.IFNA(VLOOKUP(C54,S1P!D:N,11,0),"") -> 46507 | R54: =A54 -> SEASONINGS
A55: CARTE DOR BUFFET | B55: 67830543 | C55: 67830543 | D55: CDO ΜΟΥΣ ΜΕ ΓΕΥΣΗ ΦΡΑΟΥΛΑΣ 1X5KG | F55: =IF(H55=0,"OOS",IF(H55<=10,"OOS Risk","")) | G55: =_xlfn.IFNA(IF(VLOOKUP(C55,'Cases2021 2022 FC'!AC:AD,2,0)=0,"1",VLOOKUP(C55,'Cases2021 2022 FC'!AC:AD,2,0)),1) -> 1 | H55: =ROUND(J55/G55,0) -> 61 | I55: =IFERROR(IF(L55="",0,L55-$L$1)-0.0001,0) -> 0 | J55: =SUMIF(S1P!D:K,C:C,S1P!I:KI) -> 61 | K55: 55 | L55: TBC | M55: =K55 -> 55 | O55: =IF(H55=0,"OOS",IF(H55<=10,"OOS Risk",IF(H55<=20,"SC Input",""))) | P55: =_xlfn.IFNA(VLOOKUP(C55,S1P!D:N,11,0),"") -> 46151 | R55: =A55 -> CARTE DOR BUFFET
A56: ΖΩΜΟΙ | B56: 22011902 | C56: 68760225 | D56: KNORR ΖΩΜΟΣ ΛΑΧΑΝΙΚΩΝ 1Χ4Κ | F56: =IF(H56=0,"OOS",IF(H56<=10,"OOS Risk","")) | G56: =_xlfn.IFNA(IF(VLOOKUP(C56,'Cases2021 2022 FC'!AC:AD,2,0)=0,"1",VLOOKUP(C56,'Cases2021 2022 FC'!AC:AD,2,0)),1) -> 74 | H56: =ROUND(J56/G56,0) -> 46 | I56: =IFERROR(IF(L56="",0,L56-$L$1)-0.0001,0) -> 0 | J56: =SUMIF(S1P!D:K,C:C,S1P!I:KI) -> 3377 | K56: 26203 | L56: TBC | O56: =IF(H56=0,"OOS",IF(H56<=10,"OOS Risk",IF(H56<=20,"SC Input",""))) | P56: =_xlfn.IFNA(VLOOKUP(C56,S1P!D:N,11,0),"") -> 46507 | R56: =A56 -> ΖΩΜΟΙ
A57: ΖΩΜΟΙ | B57: 68770074 | C57: 68770074 | D57: KNORR ΖΩΜOΣ ΛΑΧΑΝΙΚΩΝ 6Χ1,5 ΚΙΛ | F57: =IF(H57=0,"OOS",IF(H57<=10,"OOS Risk","")) | G57: =_xlfn.IFNA(IF(VLOOKUP(C57,'Cases2021 2022 FC'!AC:AD,2,0)=0,"1",VLOOKUP(C57,'Cases2021 2022 FC'!AC:AD,2,0)),1) -> 3 | H57: =ROUND(J57/G57,0) -> 88 | I57: =IFERROR(IF(L57="",0,L57-$L$1)-0.0001,0) -> 0 | J57: =SUMIF(S1P!D:K,C:C,S1P!I:KI) -> 263 | K57: 1058 | L57: TBC | O57: =IF(H57=0,"OOS",IF(H57<=10,"OOS Risk",IF(H57<=20,"SC Input",""))) | P57: =_xlfn.IFNA(VLOOKUP(C57,S1P!D:N,11,0),"") -> 46507 | R57: =A57 -> ΖΩΜΟΙ
A58: ΖΩΜΟΙ | B58: 68660152 | C58: 68660152 | D58: KN ΖΩΜΟΣ ΓΕΥΣΗ ΚΟΤΑ ΣΕ ΣΚΟΝΗ 1X3,5 KΙΛ | F58: =IF(H58=0,"OOS",IF(H58<=10,"OOS Risk","")) -> OOS Risk | G58: =_xlfn.IFNA(IF(VLOOKUP(C58,'Cases2021 2022 FC'!AC:AD,2,0)=0,"1",VLOOKUP(C58,'Cases2021 2022 FC'!AC:AD,2,0)),1) -> 25 | H58: =ROUND(J58/G58,0) -> 8 | I58: =IFERROR(IF(L58="",0,L58-$L$1)-1,0) -> -9 | J58: =SUMIF(S1P!D:K,C:C,S1P!I:KI) -> 207 | K58: 576 | L58: 46013 | M58: =K58 -> 576 | N58: stock in transit | O58: =IF(H58=0,"OOS",IF(H58<=10,"OOS Risk",IF(H58<=20,"SC Input",""))) -> OOS Risk | P58: =_xlfn.IFNA(VLOOKUP(C58,S1P!D:N,11,0),"") -> 46446 | R58: =A58 -> ΖΩΜΟΙ
A59: ΚΕΤΣΑΠ | B59: 67751000 | C59: 67751000 | D59: HLMNS ΚΕΤΣΑΠ 6Χ950ΓΡ | F59: =IF(H59=0,"OOS",IF(H59<=10,"OOS Risk","")) | G59: =_xlfn.IFNA(IF(VLOOKUP(C59,'Cases2021 2022 FC'!AC:AD,2,0)=0,"1",VLOOKUP(C59,'Cases2021 2022 FC'!AC:AD,2,0)),1) -> 1 | H59: =ROUND(J59/G59,0) -> 149 | I59: =IFERROR(IF(L59="",0,L59-$L$1)-0.0001,0) -> 0 | J59: =SUMIF(S1P!D:K,C:C,S1P!I:KI) -> 149 | K59: 0 | L59: TBC | O59: =IF(H59=0,"OOS",IF(H59<=10,"OOS Risk",IF(H59<=20,"SC Input",""))) | P59: =_xlfn.IFNA(VLOOKUP(C59,S1P!D:N,11,0),"") -> 46234 | R59: =A59 -> ΚΕΤΣΑΠ
A60: CARTE DOR BUFFET | B60: 68222639 | C60: 68222639 | D60: CDO ΜΕΙΓΜΑ ΓΙΑ ΚΡΕΠΑ 6X2KG | F60: =IF(H60=0,"OOS",IF(H60<=10,"OOS Risk","")) | G60: =_xlfn.IFNA(IF(VLOOKUP(C60,'Cases2021 2022 FC'!AC:AD,2,0)=0,"1",VLOOKUP(C60,'Cases2021 2022 FC'!AC:AD,2,0)),1) -> 1 | H60: =ROUND(J60/G60,0) -> 141 | I60: =IFERROR(IF(L60="",0,L60-$L$1)-0.0001,0) -> 0 | J60: =SUMIF(S1P!D:K,C:C,S1P!I:KI) -> 141 | K60: 0 | L60: TBC | O60: =IF(H60=0,"OOS",IF(H60<=10,"OOS Risk",IF(H60<=20,"SC Input",""))) | P60: =_xlfn.IFNA(VLOOKUP(C60,S1P!D:N,11,0),"") -> 46227 | R60: =A60 -> CARTE DOR BUFFET
A61: DRESSINGS | B61: 67751002 | C61: 64845275 | D61: HLMNS ΑΝΑΠΛΗΡΩΜΑ ΜΟΥΣΤΑΡΔΑΣ 6X880ΓΡ | F61: =IF(H61=0,"OOS",IF(H61<=10,"OOS Risk","")) | G61: =_xlfn.IFNA(IF(VLOOKUP(C61,'Cases2021 2022 FC'!AC:AD,2,0)=0,"1",VLOOKUP(C61,'Cases2021 2022 FC'!AC:AD,2,0)),1) -> 1 | H61: =ROUND(J61/G61,0) -> 78 | I61: =IFERROR(IF(L61="",0,L61-$L$1)-0.0001,0) -> 0 | J61: =SUMIF(S1P!D:K,C:C,S1P!I:KI) -> 78 | L61: TBC | M61: =K61 -> 0 | O61: =IF(H61=0,"OOS",IF(H61<=10,"OOS Risk",IF(H61<=20,"SC Input",""))) | P61: =_xlfn.IFNA(VLOOKUP(C61,S1P!D:N,11,0),"") -> 46265 | R61: =A61 -> DRESSINGS
A62: ΚΕΤΣΑΠ | B62: 67682359 | C62: 67682359 | D62: HELLMANN'S ΜΕΡΙΔΕΣ ΚΕΤΣΑΠ 198x10ML | E62: Top 10 | F62: =IF(H62=0,"OOS",IF(H62<=10,"OOS Risk","")) | G62: =_xlfn.IFNA(IF(VLOOKUP(C62,'Cases2021 2022 FC'!AC:AD,2,0)=0,"1",VLOOKUP(C62,'Cases2021 2022 FC'!AC:AD,2,0)),1) -> 99 | H62: =ROUND(J62/G62,0) -> 25 | I62: =IFERROR(IF(L62="",0,L62-$L$1)-1,0) -> 0 | J62: =SUMIF(S1P!D:K,C:C,S1P!I:KI) -> 2517 | K62: 1344 | L62: TBC | M62: =K62 -> 1344 | N62: stock in transit | O62: =IF(H62=0,"OOS",IF(H62<=10,"OOS Risk",IF(H62<=20,"SC Input",""))) | P62: =_xlfn.IFNA(VLOOKUP(C62,S1P!D:N,11,0),"") -> 46320 | R62: =A62 -> ΚΕΤΣΑΠ
A63: ΖΩΜΟΙ | B63: 68764357 | C63: 68764357 | D63: KN ΖΩΜΟΣ ΒΟΔΙΝΟΥ 1x7 ΚΙΛ. | F63: =IF(H63=0,"OOS",IF(H63<=10,"OOS Risk","")) -> OOS Risk | G63: =_xlfn.IFNA(IF(VLOOKUP(C63,'Cases2021 2022 FC'!AC:AD,2,0)=0,"1",VLOOKUP(C63,'Cases2021 2022 FC'!AC:AD,2,0)),1) -> 2 | H63: =ROUND(J63/G63,0) -> 9 | I63: =IFERROR(IF(L63="",0,L63-$L$1)-0.0001,0) -> 0 | J63: =SUMIF(S1P!D:K,C:C,S1P!I:KI) -> 18 | L63: TBC | N63: no more deliveries/ delist after stock exhaustion (no replacement) | O63: =IF(H63=0,"OOS",IF(H63<=10,"OOS Risk",IF(H63<=20,"SC Input",""))) -> OOS Risk | P63: =_xlfn.IFNA(VLOOKUP(C63,S1P!D:N,11,0),"") -> 46356 | R63: =A63 -> ΖΩΜΟΙ
A64: ΖΩΜΟΙ | B64: 68703091 | C64: 68703091 | D64: KN ΖΩΜΟΣ ΓΕΥΣΗ ΒΟΔΙΝΟΥ ΣΕ ΣΚΟΝΗ1Χ3,5 ΚΙΛ | F64: =IF(H64=0,"OOS",IF(H64<=10,"OOS Risk","")) | G64: =_xlfn.IFNA(IF(VLOOKUP(C64,'Cases2021 2022 FC'!AC:AD,2,0)=0,"1",VLOOKUP(C64,'Cases2021 2022 FC'!AC:AD,2,0)),1) -> 7 | H64: =ROUND(J64/G64,0) -> 18 | I64: =IFERROR(IF(L64="",0,L64-$L$1)-0.0001,0) -> 0 | J64: =SUMIF(S1P!D:K,C:C,S1P!I:KI) -> 126 | K64: 216 | L64: TBC | M64: =K64 -> 216 | N64: dispatched 18.09 | O64: =IF(H64=0,"OOS",IF(H64<=10,"OOS Risk",IF(H64<=20,"SC Input",""))) -> SC Input | P64: =_xlfn.IFNA(VLOOKUP(C64,S1P!D:N,11,0),"") -> 46507 | R64: =A64 -> ΖΩΜΟΙ
A65: ΜΑΓΙΟΝΕΖΑ | B65: 64308055 | C65: 64308055 | D65: HELLMANN’S VEGAN 1X3Λ | F65: =IF(H65=0,"OOS",IF(H65<=10,"OOS Risk","")) | G65: =_xlfn.IFNA(IF(VLOOKUP(C65,'Cases2021 2022 FC'!AC:AD,2,0)=0,"1",VLOOKUP(C65,'Cases2021 2022 FC'!AC:AD,2,0)),1) -> 75 | H65: =ROUND(J65/G65,0) -> 21 | I65: =IFERROR(IF(L65="",0,L65-$L$1)-1,0) -> 0 | J65: =SUMIF(S1P!D:K,C:C,S1P!I:KI) -> 1580 | K65: 0 | L65: TBC | O65: =IF(H65=0,"OOS",IF(H65<=10,"OOS Risk",IF(H65<=20,"SC Input",""))) | P65: =_xlfn.IFNA(VLOOKUP(C65,S1P!D:N,11,0),"") -> 46191 | R65: =A65 -> ΜΑΓΙΟΝΕΖΑ
A66: ΜΑΓΙΟΝΕΖΑ | B66: 22100403 | C66: 64773377 | D66: HLMNS ΜΑΓΙΟΝΕΖΑ REAL 5Λ | E66: Top 10 | F66: =IF(H66=0,"OOS",IF(H66<=10,"OOS Risk","")) | G66: =_xlfn.IFNA(IF(VLOOKUP(C66,'Cases2021 2022 FC'!AC:AD,2,0)=0,"1",VLOOKUP(C66,'Cases2021 2022 FC'!AC:AD,2,0)),1) -> 1 | H66: =ROUND(J66/G66,0) -> 8236 | I66: =IFERROR(IF(L66="",0,L66-$L$1)-0.0001,0) -> 0 | J66: =SUMIF(S1P!D:K,C:C,S1P!I:KI) -> 8236 | K66: 0 | L66: TBC | O66: =IF(H66=0,"OOS",IF(H66<=10,"OOS Risk",IF(H66<=20,"SC Input",""))) | P66: =_xlfn.IFNA(VLOOKUP(C66,S1P!D:N,11,0),"") -> 46234 | R66: =A66 -> ΜΑΓΙΟΝΕΖΑ
A67: ΚΕΤΣΑΠ | B67: T21223 | C67: 64929594 | D67: HELLMANN'S ΣΑΛΤΣΑ ΓΙΑ ΜΠΑΡΜΠΕΚΙΟΥ 3Χ4,8 ΚΙΛ. | E67: Top 10 | F67: =IF(H67=0,"OOS",IF(H67<=10,"OOS Risk","")) | G67: =_xlfn.IFNA(IF(VLOOKUP(C67,'Cases2021 2022 FC'!AC:AD,2,0)=0,"1",VLOOKUP(C67,'Cases2021 2022 FC'!AC:AD,2,0)),1) -> 31 | H67: =ROUND(J67/G67,0) -> 52 | I67: =IFERROR(IF(L67="",0,L67-$L$1)-1,0) -> -61 | J67: =SUMIF(S1P!D:K,C:C,S1P!I:KI) -> 1605 | K67: 1200 | L67: 45961 | M67: =K67 -> 1200 | O67: =IF(H67=0,"OOS",IF(H67<=10,"OOS Risk",IF(H67<=20,"SC Input",""))) | P67: =_xlfn.IFNA(VLOOKUP(C67,S1P!D:N,5,0),"") -> 531007H96 | R67: =A67 -> ΚΕΤΣΑΠ
A68: ΓΑΡΝΙΤΟΥΡΕΣ | B68: 67505008 | C68: 67505008 | D68: KNORR ΝΙΦΑΔΕΣ ΠΑΤΑΤΑΣ 1Χ4ΚΙΛ | F68: =IF(H68=0,"OOS",IF(H68<=10,"OOS Risk","")) | G68: =_xlfn.IFNA(IF(VLOOKUP(C68,'Cases2021 2022 FC'!AC:AD,2,0)=0,"1",VLOOKUP(C68,'Cases2021 2022 FC'!AC:AD,2,0)),1) -> 19 | H68: =ROUND(J68/G68,0) -> 50 | I68: =IFERROR(IF(L68="",0,L68-$L$1)-1,0) -> 0 | J68: =SUMIF(S1P!D:K,C:C,S1P!I:KI) -> 941 | K68: 1040 | L68: TBC | M68: =K68 -> 1040 | O68: =IF(H68=0,"OOS",IF(H68<=10,"OOS Risk",IF(H68<=20,"SC Input",""))) | P68: =_xlfn.IFNA(VLOOKUP(C68,S1P!D:N,11,0),"") -> 46538 | R68: =A68 -> ΓΑΡΝΙΤΟΥΡΕΣ
A69: DRESSINGS | B69: 12110202 | C69: 64764703 | D69: HLMNS ΣΑΛΤΣΑ ΚΟΚΤΕΙΛ 3Λ | F69: =IF(H69=0,"OOS",IF(H69<=10,"OOS Risk","")) | G69: =_xlfn.IFNA(IF(VLOOKUP(C69,'Cases2021 2022 FC'!AC:AD,2,0)=0,"1",VLOOKUP(C69,'Cases2021 2022 FC'!AC:AD,2,0)),1) -> 41 | H69: =ROUND(J69/G69,0) -> 19 | I69: =IFERROR(IF(L69="",0,L69-$L$1)-0.0001,0) -> -48.0001 | J69: =SUMIF(S1P!D:K,C:C,S1P!I:KI) -> 788 | K69: 1200 | L69: 45973 | M69: =K69 -> 1200 | N69: Delivery is planned for wk 46 | O69: =IF(H69=0,"OOS",IF(H69<=10,"OOS Risk",IF(H69<=20,"SC Input",""))) -> SC Input | P69: =_xlfn.IFNA(VLOOKUP(C69,S1P!D:N,11,0),"") -> 46173 | R69: =A69 -> DRESSINGS
A70: ΣΟΥΠΕΣ | B70: 67950629 | C70: 69755942 | D70: KNORR ΣΟΥΠΑ MINEΣTΡONE 6X1.045kg | F70: =IF(H70=0,"OOS",IF(H70<=10,"OOS Risk","")) | G70: =_xlfn.IFNA(IF(VLOOKUP(C70,'Cases2021 2022 FC'!AC:AD,2,0)=0,"1",VLOOKUP(C70,'Cases2021 2022 FC'!AC:AD,2,0)),1) -> 1 | H70: =ROUND(J70/G70,0) -> 113 | I70: =IFERROR(IF(L70="",0,L70-$L$1)-0.0001,0) -> 0 | J70: =SUMIF(S1P!D:K,C:C,S1P!I:KI) -> 113 | K70: 0 | L70: TBC | O70: =IF(H70=0,"OOS",IF(H70<=10,"OOS Risk",IF(H70<=20,"SC Input",""))) | P70: =_xlfn.IFNA(VLOOKUP(C70,S1P!D:N,11,0),"") -> 46356 | R70: =A70 -> ΣΟΥΠΕΣ
A71: ΖΩΜΟΙ | B71: 22010602 | C71: 22010602 | D71: KNORROX ΖΩΜΟΣ ΚΟΤΑΣ 1x7 ΚΙΛ. | E71: Top 10 | F71: =IF(H71=0,"OOS",IF(H71<=10,"OOS Risk","")) | G71: =_xlfn.IFNA(IF(VLOOKUP(C71,'Cases2021 2022 FC'!AC:AD,2,0)=0,"1",VLOOKUP(C71,'Cases2021 2022 FC'!AC:AD,2,0)),1) -> 16 | H71: =ROUND(J71/G71,0) -> 40 | I71: =IFERROR(IF(L71="",0,L71-$L$1)-0.0001,0) -> 0 | J71: =SUMIF(S1P!D:K,C:C,S1P!I:KI) -> 640 | K71: 5497 | L71: TBC | O71: =IF(H71=0,"OOS",IF(H71<=10,"OOS Risk",IF(H71<=20,"SC Input",""))) | P71: =_xlfn.IFNA(VLOOKUP(C71,S1P!D:N,11,0),"") -> 46477 | R71: =A71 -> ΖΩΜΟΙ
A72: ΜΑΓΙΟΝΕΖΑ | B72: 12100503 | C72: 12100503 | D72: HLMNS ΜΑΓΙΟΝΕΖΑ REAL 10Λ | E72: Top 10 | F72: =IF(H72=0,"OOS",IF(H72<=10,"OOS Risk","")) | G72: =_xlfn.IFNA(IF(VLOOKUP(C72,'Cases2021 2022 FC'!AC:AD,2,0)=0,"1",VLOOKUP(C72,'Cases2021 2022 FC'!AC:AD,2,0)),1) -> 354 | H72: =ROUND(J72/G72,0) -> 16 | I72: =IFERROR(IF(L72="",0,L72-$L$1)-0.0001,0) -> 0 | J72: =SUMIF(S1P!D:K,C:C,S1P!I:KI) -> 5612 | K72: 720 | L72: TBC | O72: =IF(H72=0,"OOS",IF(H72<=10,"OOS Risk",IF(H72<=20,"SC Input",""))) -> SC Input | P72: =_xlfn.IFNA(VLOOKUP(C72,S1P!D:N,11,0),"") -> 46234 | R72: =A72 -> ΜΑΓΙΟΝΕΖΑ
A73: ΖΩΜΟΙ | B73: 12011802 | C73: 12011802 | D73: KNORR ΖΩΜΟΣ ΒΟΔΙΝΟΥ 1X4 ΚΙΛ. | F73: =IF(H73=0,"OOS",IF(H73<=10,"OOS Risk","")) -> OOS Risk | G73: =_xlfn.IFNA(IF(VLOOKUP(C73,'Cases2021 2022 FC'!AC:AD,2,0)=0,"1",VLOOKUP(C73,'Cases2021 2022 FC'!AC:AD,2,0)),1) -> 10 | H73: =ROUND(J73/G73,0) -> 5 | I73: =IFERROR(IF(L73="",0,L73-$L$1)-0.0001,0) -> 0 | J73: =SUMIF(S1P!D:K,C:C,S1P!I:KI) -> 46 | L73: TBC | N73: no more deliveries/ delist after stock exhaustion (no replacement) | O73: =IF(H73=0,"OOS",IF(H73<=10,"OOS Risk",IF(H73<=20,"SC Input",""))) -> OOS Risk | P73: =_xlfn.IFNA(VLOOKUP(C73,S1P!D:N,11,0),"") -> 46418 | R73: =A73 -> ΖΩΜΟΙ
A74: ΖΩΜΟΙ | B74: 39631001 | C74: 39631001 | D74: KNORR ΖΩΜΟΣ ΚΟΤΑΣ 6*1,2Κ | E74: Top 10 | F74: =IF(H74=0,"OOS",IF(H74<=10,"OOS Risk","")) | G74: =_xlfn.IFNA(IF(VLOOKUP(C74,'Cases2021 2022 FC'!AC:AD,2,0)=0,"1",VLOOKUP(C74,'Cases2021 2022 FC'!AC:AD,2,0)),1) -> 5 | H74: =ROUND(J74/G74,0) -> 28 | I74: =IFERROR(IF(L74="",0,L74-$L$1)-0.0001,0) -> 0 | J74: =SUMIF(S1P!D:K,C:C,S1P!I:KI) -> 141 | K74: 1071 | L74: TBC | O74: =IF(H74=0,"OOS",IF(H74<=10,"OOS Risk",IF(H74<=20,"SC Input",""))) | P74: =_xlfn.IFNA(VLOOKUP(C74,S1P!D:N,11,0),"") -> 46538 | R74: =A74 -> ΖΩΜΟΙ
A75: ΜΟΥΣΤΑΡΔΑ | B75: 64902224 | C75: 64902224 | D75: Maille Ντιζόν Μουστάρδα 8x1K | F75: =IF(H75=0,"OOS",IF(H75<=10,"OOS Risk","")) | G75: =_xlfn.IFNA(IF(VLOOKUP(C75,'Cases2021 2022 FC'!AC:AD,2,0)=0,"1",VLOOKUP(C75,'Cases2021 2022 FC'!AC:AD,2,0)),1) -> 2 | H75: =ROUND(J75/G75,0) -> 106 | I75: =IFERROR(IF(L75="",0,L75-$L$1)-0.0001,0) -> 0 | J75: =SUMIF(S1P!D:K,C:C,S1P!I:KI) -> 212 | K75: 0 | L75: TBC | O75: =IF(H75=0,"OOS",IF(H75<=10,"OOS Risk",IF(H75<=20,"SC Input",""))) | P75: =_xlfn.IFNA(VLOOKUP(C75,S1P!D:N,11,0),"") -> 46237 | R75: =A75 -> ΜΟΥΣΤΑΡΔΑ
A76: ΣΑΛΤΣΕΣ | B76: 16869701 | C76: 67751196 | D76: KNORR ΣΑΛΤΣΑ ΜΠΡΑΤΕΝΖΟΥΣ 6Χ1 ΚΙΛ | F76: =IF(H76=0,"OOS",IF(H76<=10,"OOS Risk","")) | G76: =_xlfn.IFNA(IF(VLOOKUP(C76,'Cases2021 2022 FC'!AC:AD,2,0)=0,"1",VLOOKUP(C76,'Cases2021 2022 FC'!AC:AD,2,0)),1) -> 1 | H76: =ROUND(J76/G76,0) -> 51 | I76: =IFERROR(IF(L76="",0,L76-$L$1)-0.0001,0) -> 0 | J76: =SUMIF(S1P!D:K,C:C,S1P!I:KI) -> 51 | K76: 64 | L76: TBC | O76: =IF(H76=0,"OOS",IF(H76<=10,"OOS Risk",IF(H76<=20,"SC Input",""))) | P76: =_xlfn.IFNA(VLOOKUP(C76,S1P!D:N,11,0),"") -> 46418 | R76: =A76 -> ΣΑΛΤΣΕΣ
A77: ΣΑΛΤΣΕΣ | B77: 13091403 | C77: 67577421 | D77: KNORR ΣΑΛΤΣΑ ΤΟΜΑΤΑΣ 1Χ10 ΚΙΛ FS | F77: =IF(H77=0,"OOS",IF(H77<=10,"OOS Risk","")) | G77: =_xlfn.IFNA(IF(VLOOKUP(C77,'Cases2021 2022 FC'!AC:AD,2,0)=0,"1",VLOOKUP(C77,'Cases2021 2022 FC'!AC:AD,2,0)),1) -> 2 | H77: =ROUND(J77/G77,0) -> 85 | I77: =IFERROR(IF(L77="",0,L77-$L$1)-1,0) -> 0 | J77: =SUMIF(S1P!D:K,C:C,S1P!I:KI) -> 169 | K77: 0 | L77: TBC | O77: =IF(H77=0,"OOS",IF(H77<=10,"OOS Risk",IF(H77<=20,"SC Input",""))) | P77: =_xlfn.IFNA(VLOOKUP(C77,S1P!D:N,11,0),"") -> 46387 | R77: =A77 -> ΣΑΛΤΣΕΣ
A78: ΣΑΛΤΣΕΣ | B78: 16164101 | C78: 16164101 | D78: KNORR ΣΑΛΤΣΑ ΚΑΡΜΠΟΝΑΡΑ 6Χ1ΚΙΛ | F78: =IF(H78=0,"OOS",IF(H78<=10,"OOS Risk","")) | G78: =_xlfn.IFNA(IF(VLOOKUP(C78,'Cases2021 2022 FC'!AC:AD,2,0)=0,"1",VLOOKUP(C78,'Cases2021 2022 FC'!AC:AD,2,0)),1) -> 1 | H78: =ROUND(J78/G78,0) -> 194 | I78: =IFERROR(IF(L78="",0,L78-$L$1)-0.0001,0) -> 0 | J78: =SUMIF(S1P!D:K,C:C,S1P!I:KI) -> 194 | K78: 0 | L78: TBC | O78: =IF(H78=0,"OOS",IF(H78<=10,"OOS Risk",IF(H78<=20,"SC Input",""))) | P78: =_xlfn.IFNA(VLOOKUP(C78,S1P!D:N,11,0),"") -> 46326 | R78: =A78 -> ΣΑΛΤΣΕΣ
A79: ΣΑΛΤΣΕΣ | B79: 24790301 | C79: 14790302 | D79: KNORR ΣΑΛΤΣΑ ΜΑΔΕΡΑ 6Χ800ΓΡ | F79: =IF(H79=0,"OOS",IF(H79<=10,"OOS Risk","")) | G79: =_xlfn.IFNA(IF(VLOOKUP(C79,'Cases2021 2022 FC'!AC:AD,2,0)=0,"1",VLOOKUP(C79,'Cases2021 2022 FC'!AC:AD,2,0)),1) -> 1 | H79: =ROUND(J79/G79,0) -> 34 | I79: =IFERROR(IF(L79="",0,L79-$L$1)-0.0001,0) -> 0 | J79: =SUMIF(S1P!D:K,C:C,S1P!I:KI) -> 34 | K79: 0 | L79: TBC | O79: =IF(H79=0,"OOS",IF(H79<=10,"OOS Risk",IF(H79<=20,"SC Input",""))) | P79: =_xlfn.IFNA(VLOOKUP(C79,S1P!D:N,11,0),"") -> 46142 | R79: =A79 -> ΣΑΛΤΣΕΣ
A80: ΣΑΛΤΣΕΣ | B80: 26695601 | C80: 16695603 | D80: KNORR ΣΑΛΤΣΑ 4 ΤΥΡΙΑ 6Χ775 ΓΡ | F80: =IF(H80=0,"OOS",IF(H80<=10,"OOS Risk","")) | G80: =_xlfn.IFNA(IF(VLOOKUP(C80,'Cases2021 2022 FC'!AC:AD,2,0)=0,"1",VLOOKUP(C80,'Cases2021 2022 FC'!AC:AD,2,0)),1) -> 1 | H80: =ROUND(J80/G80,0) -> 42 | I80: =IFERROR(IF(L80="",0,L80-$L$1)-0.0001,0) -> 0 | J80: =SUMIF(S1P!D:K,C:C,S1P!I:KI) -> 42 | K80: 0 | L80: TBC | O80: =IF(H80=0,"OOS",IF(H80<=10,"OOS Risk",IF(H80<=20,"SC Input",""))) | P80: =_xlfn.IFNA(VLOOKUP(C80,S1P!D:N,11,0),"") -> 46234 | R80: =A80 -> ΣΑΛΤΣΕΣ
A81: ΣΑΛΤΣΕΣ | B81: 16866501 | C81: 16866501 | D81: KNORR ΣΑΛΤΣΑ ΜΠΕΑΡΝΑΙΖ 6Χ900 ΓΡ | F81: =IF(H81=0,"OOS",IF(H81<=10,"OOS Risk","")) | G81: =_xlfn.IFNA(IF(VLOOKUP(C81,'Cases2021 2022 FC'!AC:AD,2,0)=0,"1",VLOOKUP(C81,'Cases2021 2022 FC'!AC:AD,2,0)),1) -> 1 | H81: =ROUND(J81/G81,0) -> 26 | I81: =IFERROR(IF(L81="",0,L81-$L$1)-0.0001,0) -> 0 | J81: =SUMIF(S1P!D:K,C:C,S1P!I:KI) -> 26 | K81: 0 | L81: TBC | O81: =IF(H81=0,"OOS",IF(H81<=10,"OOS Risk",IF(H81<=20,"SC Input",""))) | P81: =_xlfn.IFNA(VLOOKUP(C81,S1P!D:N,11,0),"") -> 46173 | R81: =A81 -> ΣΑΛΤΣΕΣ
A82: WORLD CUISINES | B82: 14413801 | C82: 14413801 | D82: KNORR ΠΙΚΑΝΤΙΚΗ ΣΑΛΤΣΑ ΜΕ ΤΣΙΛΙ 6X1ΛΤ | F82: =IF(H82=0,"OOS",IF(H82<=10,"OOS Risk","")) | G82: =_xlfn.IFNA(IF(VLOOKUP(C82,'Cases2021 2022 FC'!AC:AD,2,0)=0,"1",VLOOKUP(C82,'Cases2021 2022 FC'!AC:AD,2,0)),1) -> 1 | H82: =ROUND(J82/G82,0) -> 194 | I82: =IFERROR(IF(L82="",0,L82-$L$1)-1,0) -> 0 | J82: =SUMIF(S1P!D:K,C:C,S1P!I:KI) -> 194 | K82: 80 | L82: TBC | M82: =K82 -> 80 | O82: =IF(H82=0,"OOS",IF(H82<=10,"OOS Risk",IF(H82<=20,"SC Input",""))) | P82: =_xlfn.IFNA(VLOOKUP(C82,S1P!D:N,11,0),"") -> 46167 | R82: =A82 -> WORLD CUISINES
A83: ΣΑΛΤΣΕΣ | B83: 27275201 | C83: 67738211 | D83: KNORR ΣΑΛΤΣΑ ΝΤΕΜΙ ΓΚΛΑΣ 1Χ4 ΚΙΛ | E83: Top 10 | F83: =IF(H83=0,"OOS",IF(H83<=10,"OOS Risk","")) | G83: =_xlfn.IFNA(IF(VLOOKUP(C83,'Cases2021 2022 FC'!AC:AD,2,0)=0,"1",VLOOKUP(C83,'Cases2021 2022 FC'!AC:AD,2,0)),1) -> 22 | H83: =ROUND(J83/G83,0) -> 26 | I83: =IFERROR(IF(L83="",0,L83-$L$1)-1,0) -> 0 | J83: =SUMIF(S1P!D:K,C:C,S1P!I:KI) -> 579 | K83: 0 | L83: TBC | O83: =IF(H83=0,"OOS",IF(H83<=10,"OOS Risk",IF(H83<=20,"SC Input",""))) | P83: =_xlfn.IFNA(VLOOKUP(C83,S1P!D:N,11,0),"") -> 46477 | R83: =A83 -> ΣΑΛΤΣΕΣ
A84: ΜΑΓΙΟΝΕΖΑ | B84: 64922041 | C84: 64922041 | D84: HELLMANN’S PROFESSIONAL 1X5Λ | F84: =IF(H84=0,"OOS",IF(H84<=10,"OOS Risk","")) -> OOS Risk | G84: =_xlfn.IFNA(IF(VLOOKUP(C84,'Cases2021 2022 FC'!AC:AD,2,0)=0,"1",VLOOKUP(C84,'Cases2021 2022 FC'!AC:AD,2,0)),1) -> 101 | H84: =ROUND(J84/G84,0) -> 8 | I84: =IFERROR(IF(L84="",0,L84-$L$1)-1,0) -> 0 | J84: =SUMIF(S1P!D:K,C:C,S1P!I:KI) -> 766 | K84: 420 | L84: TBC | M84: =K84 -> 420 | O84: =IF(H84=0,"OOS",IF(H84<=10,"OOS Risk",IF(H84<=20,"SC Input",""))) -> OOS Risk | P84: =_xlfn.IFNA(VLOOKUP(C84,S1P!D:N,11,0),"") -> 46225 | R84: =A84 -> ΜΑΓΙΟΝΕΖΑ
A85: SEASONINGS | B85: T20324 | C85: 17193401 | D85: KNORR PRIMERBA ΠΑΣΤΑ ΒΑΣΙΛΙΚΟΥ 2×340 ΓΡ. | F85: =IF(H85=0,"OOS",IF(H85<=10,"OOS Risk","")) | G85: =_xlfn.IFNA(IF(VLOOKUP(C85,'Cases2021 2022 FC'!AC:AD,2,0)=0,"1",VLOOKUP(C85,'Cases2021 2022 FC'!AC:AD,2,0)),1) -> 60 | H85: =ROUND(J85/G85,0) -> 42 | I85: =IFERROR(IF(L85="",0,L85-$L$1)-1,0) -> 0 | J85: =SUMIF(S1P!D:K,C:C,S1P!I:KI) -> 2534 | K85: 5468 | L85: TBC | M85: =K85 -> 5468 | O85: =IF(H85=0,"OOS",IF(H85<=10,"OOS Risk",IF(H85<=20,"SC Input",""))) | P85: =_xlfn.IFNA(VLOOKUP(C85,S1P!D:N,11,0),"") -> 46295 | R85: =A85 -> SEASONINGS
A86: ΚΕΤΣΑΠ | B86: T21212 | C86: 64928335 | D86: HELLMANN'S ΚΕΤΣΑΠ 3Χ4,8 ΚΙΛ. | F86: =IF(H86=0,"OOS",IF(H86<=10,"OOS Risk","")) | G86: =_xlfn.IFNA(IF(VLOOKUP(C86,'Cases2021 2022 FC'!AC:AD,2,0)=0,"1",VLOOKUP(C86,'Cases2021 2022 FC'!AC:AD,2,0)),1) -> 52 | H86: =ROUND(J86/G86,0) -> 32 | I86: =IFERROR(IF(L86="",0,L86-$L$1)-0.0001,0) -> 0 | J86: =SUMIF(S1P!D:K,C:C,S1P!I:KI) -> 1674 | K86: 2500 | L86: TBC | M86: =K86 -> 2500 | O86: =IF(H86=0,"OOS",IF(H86<=10,"OOS Risk",IF(H86<=20,"SC Input",""))) | P86: =_xlfn.IFNA(VLOOKUP(C86,S1P!D:N,11,0),"") -> 46142 | R86: =A86 -> ΚΕΤΣΑΠ
A87: ΣΟΥΠΕΣ | B87: 18696502 | C87: 18696502 | D87: KNORR ΣΠΑΡΑΓΓΟΣΟΥΠΑ ΚΡΕΜΑ 6Χ900ΓΡ | F87: =IF(H87=0,"OOS",IF(H87<=10,"OOS Risk","")) | G87: =_xlfn.IFNA(IF(VLOOKUP(C87,'Cases2021 2022 FC'!AC:AD,2,0)=0,"1",VLOOKUP(C87,'Cases2021 2022 FC'!AC:AD,2,0)),1) -> 1 | H87: =ROUND(J87/G87,0) -> 103 | I87: =IFERROR(IF(L87="",0,L87-$L$1)-0.0001,0) -> 0 | J87: =SUMIF(S1P!D:K,C:C,S1P!I:KI) -> 103 | K87: 90 | L87: TBC | O87: =IF(H87=0,"OOS",IF(H87<=10,"OOS Risk",IF(H87<=20,"SC Input",""))) | P87: =_xlfn.IFNA(VLOOKUP(C87,S1P!D:N,11,0),"") -> 46507 | R87: =A87 -> ΣΟΥΠΕΣ
A88: ΣΟΥΠΕΣ | B88: 15196603 | C88: 15196603 | D88: KNORR ΣΟΥΠΑ ΜΑΝΙΤΑΡΙ PORCINI ΚΡΕΜΑ 6X850ΓΡ | F88: =IF(H88=0,"OOS",IF(H88<=10,"OOS Risk","")) | G88: =_xlfn.IFNA(IF(VLOOKUP(C88,'Cases2021 2022 FC'!AC:AD,2,0)=0,"1",VLOOKUP(C88,'Cases2021 2022 FC'!AC:AD,2,0)),1) -> 2 | H88: =ROUND(J88/G88,0) -> 25 | I88: =IFERROR(IF(L88="",0,L88-$L$1)-0.0001,0) -> 0 | J88: =SUMIF(S1P!D:K,C:C,S1P!I:KI) -> 50 | K88: 0 | L88: TBC | O88: =IF(H88=0,"OOS",IF(H88<=10,"OOS Risk",IF(H88<=20,"SC Input",""))) | P88: =_xlfn.IFNA(VLOOKUP(C88,S1P!D:N,11,0),"") -> 46599 | R88: =A88 -> ΣΟΥΠΕΣ
A89: ΣΟΥΠΕΣ | B89: 15859202 | C89: 15859202 | D89: KNORR ΤΟΜΑΤΟΣΟΥΠΑ 6Χ1ΚΛ | F89: =IF(H89=0,"OOS",IF(H89<=10,"OOS Risk","")) | G89: =_xlfn.IFNA(IF(VLOOKUP(C89,'Cases2021 2022 FC'!AC:AD,2,0)=0,"1",VLOOKUP(C89,'Cases2021 2022 FC'!AC:AD,2,0)),1) -> 2 | H89: =ROUND(J89/G89,0) -> 37 | I89: =IFERROR(IF(L89="",0,L89-$L$1)-0.0001,0) -> 0 | J89: =SUMIF(S1P!D:K,C:C,S1P!I:KI) -> 73 | K89: 180 | L89: TBC | O89: =IF(H89=0,"OOS",IF(H89<=10,"OOS Risk",IF(H89<=20,"SC Input",""))) | P89: =_xlfn.IFNA(VLOOKUP(C89,S1P!D:N,11,0),"") -> 46599 | R89: =A89 -> ΣΟΥΠΕΣ
A90: ΤΟΜΑΤΟΕΙΔΗ | B90: 68718169 | C90: 62710832 | D90: KN ΣΑΛΤΣΑ ΤΟΜΑΤΑΣ 1x10KΙΛ | F90: =IF(H90=0,"OOS",IF(H90<=10,"OOS Risk","")) | G90: =_xlfn.IFNA(IF(VLOOKUP(C90,'Cases2021 2022 FC'!AC:AD,2,0)=0,"1",VLOOKUP(C90,'Cases2021 2022 FC'!AC:AD,2,0)),1) -> 27 | H90: =ROUND(J90/G90,0) -> 49 | I90: =IFERROR(IF(L90="",0,L90-$L$1)-0.0001,0) -> 0 | J90: =SUMIF(S1P!D:K,C:C,S1P!I:KI) -> 1324 | K90: 0 | L90: TBC | O90: =IF(H90=0,"OOS",IF(H90<=10,"OOS Risk",IF(H90<=20,"SC Input",""))) | P90: =_xlfn.IFNA(VLOOKUP(C90,S1P!D:N,11,0),"") -> 46245 | R90: =A90 -> ΤΟΜΑΤΟΕΙΔΗ
A91: ΥΓΡΕΣ ΣΑΛΤΣΕΣ | B91: 67563952 | C91: 67563952 | D91: KNORR ΣΑΛΤΣΑ ΣΟΓΙΑΣ 6Χ1,3 ΚΙΛΑ | F91: =IF(H91=0,"OOS",IF(H91<=10,"OOS Risk","")) | G91: =_xlfn.IFNA(IF(VLOOKUP(C91,'Cases2021 2022 FC'!AC:AD,2,0)=0,"1",VLOOKUP(C91,'Cases2021 2022 FC'!AC:AD,2,0)),1) -> 11 | H91: =ROUND(J91/G91,0) -> 150 | I91: =IFERROR(IF(L91="",0,L91-$L$1)-0.0001,0) -> 0 | J91: =SUMIF(S1P!D:K,C:C,S1P!I:KI) -> 1652 | K91: 4473 | L91: TBC | O91: =IF(H91=0,"OOS",IF(H91<=10,"OOS Risk",IF(H91<=20,"SC Input",""))) | P91: =_xlfn.IFNA(VLOOKUP(C91,S1P!D:N,11,0),"") -> 46599 | R91: =A91 -> ΥΓΡΕΣ ΣΑΛΤΣΕΣ
A92: SEASONINGS | B92: T20326 | C92: 17193201 | D92: KNORR PRIMERBA ΠΑΣΤΑ ΣΚΟΡΔΟ 2×340 ΓΡ. | F92: =IF(H92=0,"OOS",IF(H92<=10,"OOS Risk","")) | G92: =_xlfn.IFNA(IF(VLOOKUP(C92,'Cases2021 2022 FC'!AC:AD,2,0)=0,"1",VLOOKUP(C92,'Cases2021 2022 FC'!AC:AD,2,0)),1) -> 9 | H92: =ROUND(J92/G92,0) -> 211 | I92: =IFERROR(IF(L92="",0,L92-$L$1)-0.0001,0) -> 0 | J92: =SUMIF(S1P!D:K,C:C,S1P!I:KI) -> 1901 | K92: 768 | L92: TBC | M92: =K92 -> 768 | O92: =IF(H92=0,"OOS",IF(H92<=10,"OOS Risk",IF(H92<=20,"SC Input",""))) | P92: =_xlfn.IFNA(VLOOKUP(C92,S1P!D:N,11,0),"") -> 46295 | R92: =A92 -> SEASONINGS
A93: ΜΑΓΙΟΝΕΖΑ | B93: 67682357 | C93: 67682357 | D93: HELLMANN'S ΜΕΡΙΔΕΣ ΜΑΓΙΟΝΕΖΑΣ 198x10ML | E93: Top 10 | F93: =IF(H93=0,"OOS",IF(H93<=10,"OOS Risk","")) | G93: =_xlfn.IFNA(IF(VLOOKUP(C93,'Cases2021 2022 FC'!AC:AD,2,0)=0,"1",VLOOKUP(C93,'Cases2021 2022 FC'!AC:AD,2,0)),1) -> 54 | H93: =ROUND(J93/G93,0) -> 53 | I93: =IFERROR(IF(L93="",0,L93-$L$1)-1,0) -> 0 | J93: =SUMIF(S1P!D:K,C:C,S1P!I:KI) -> 2883 | K93: 576 | L93: TBC | M93: =K93 -> 576 | N93: Stock in transit | O93: =IF(H93=0,"OOS",IF(H93<=10,"OOS Risk",IF(H93<=20,"SC Input",""))) | P93: =_xlfn.IFNA(VLOOKUP(C93,S1P!D:N,11,0),"") -> 46224 | R93: =A93 -> ΜΑΓΙΟΝΕΖΑ
A94: ΜΑΓΙΟΝΕΖΑ | B94: 62751906 | C94: 62751906 | D94: HELLMAN'S ΜΑΓΙΟΝΕΖΑ 1Χ2 ΛΙΤΡΑ BUC | F94: =IF(H94=0,"OOS",IF(H94<=10,"OOS Risk","")) | G94: =_xlfn.IFNA(IF(VLOOKUP(C94,'Cases2021 2022 FC'!AC:AD,2,0)=0,"1",VLOOKUP(C94,'Cases2021 2022 FC'!AC:AD,2,0)),1) -> 45 | H94: =ROUND(J94/G94,0) -> 46 | I94: =IFERROR(IF(L94="",0,L94-$L$1)-0.0001,0) -> 0 | J94: =SUMIF(S1P!D:K,C:C,S1P!I:KI) -> 2050 | K94: 0 | L94: TBC | M94: =K94 -> 0 | N94: We have 2335 zun on stock and i don't see any risk on this MRDR | O94: =IF(H94=0,"OOS",IF(H94<=10,"OOS Risk",IF(H94<=20,"SC Input",""))) | P94: =_xlfn.IFNA(VLOOKUP(C94,S1P!D:N,11,0),"") -> 46220 | R94: =A94 -> ΜΑΓΙΟΝΕΖΑ
A95: ΜΑΓΙΟΝΕΖΑ | B95: 64314621 | C95: 64314621 | D95: HELLMANNS ΑΝΑΠΛΗΡΩΜΑ ΜΑΓΙΟΝΕΖΑΣ 1Χ5Λ | E95: Top 10 | F95: =IF(H95=0,"OOS",IF(H95<=10,"OOS Risk","")) -> OOS Risk | G95: =_xlfn.IFNA(IF(VLOOKUP(C95,'Cases2021 2022 FC'!AC:AD,2,0)=0,"1",VLOOKUP(C95,'Cases2021 2022 FC'!AC:AD,2,0)),1) -> 226 | H95: =ROUND(J95/G95,0) -> 2 | I95: =IFERROR(IF(L95="",0,L95-$L$1)-1,0) -> 0 | J95: =SUMIF(S1P!D:K,C:C,S1P!I:KI) -> 509 | K95: 4340 | L95: TBC | M95: =K95 -> 4340 | N95: carrier won't be able to deliver it before 23.12. Checking new ETA | O95: =IF(H95=0,"OOS",IF(H95<=10,"OOS Risk",IF(H95<=20,"SC Input",""))) -> OOS Risk | P95: =_xlfn.IFNA(VLOOKUP(C95,S1P!D:N,11,0),"") -> 46306 | R95: =A95 -> ΜΑΓΙΟΝΕΖΑ
A96: ΣΑΛΤΣΕΣ | B96: 68636654 | C96: 64897767 | D96: KNORR ΣΑΛΤΣΑ ΠΙΠΕΡΙΟΥ 6Χ1,2ΚΙΛ | F96: =IF(H96=0,"OOS",IF(H96<=10,"OOS Risk","")) | G96: =_xlfn.IFNA(IF(VLOOKUP(C96,'Cases2021 2022 FC'!AC:AD,2,0)=0,"1",VLOOKUP(C96,'Cases2021 2022 FC'!AC:AD,2,0)),1) -> 1 | H96: =ROUND(J96/G96,0) -> 54 | I96: =IFERROR(IF(L96="",0,L96-$L$1)-0.0001,0) -> 0 | J96: =SUMIF(S1P!D:K,C:C,S1P!I:KI) -> 54 | K96: 0 | L96: TBC | O96: =IF(H96=0,"OOS",IF(H96<=10,"OOS Risk",IF(H96<=20,"SC Input",""))) | P96: =_xlfn.IFNA(VLOOKUP(C96,S1P!D:N,11,0),"") -> 46387 | R96: =A96 -> ΣΑΛΤΣΕΣ
A97: ΥΓΡΕΣ ΣΑΛΤΣΕΣ | B97: T20519 | C97: 68558207 | D97: KNORR ΣΑΛΤΣΑ ΑΓΓΛΙΚΗ WORCESTER 6X 1125 ΓΡ. | F97: =IF(H97=0,"OOS",IF(H97<=10,"OOS Risk","")) | G97: =_xlfn.IFNA(IF(VLOOKUP(C97,'Cases2021 2022 FC'!AC:AD,2,0)=0,"1",VLOOKUP(C97,'Cases2021 2022 FC'!AC:AD,2,0)),1) -> 6 | H97: =ROUND(J97/G97,0) -> 53 | I97: =IFERROR(IF(L97="",0,L97-$L$1)-1,0) -> 0 | J97: =SUMIF(S1P!D:K,C:C,S1P!I:KI) -> 320 | K97: 0 | L97: TBC | O97: =IF(H97=0,"OOS",IF(H97<=10,"OOS Risk",IF(H97<=20,"SC Input",""))) | P97: =_xlfn.IFNA(VLOOKUP(C97,S1P!D:N,11,0),"") -> 47077 | R97: =A97 -> ΥΓΡΕΣ ΣΑΛΤΣΕΣ
A98: ΚΕΤΣΑΠ | B98: 19486001 | C98: 64813347 | D98: HELLMANN’S ΚΕΤΣΑΠ MINI ΒΑΖ. 1X80X33ML | F98: =IF(H98=0,"OOS",IF(H98<=10,"OOS Risk","")) | G98: =_xlfn.IFNA(IF(VLOOKUP(C98,'Cases2021 2022 FC'!AC:AD,2,0)=0,"1",VLOOKUP(C98,'Cases2021 2022 FC'!AC:AD,2,0)),1) -> 1 | H98: =ROUND(J98/G98,0) -> 741 | I98: =IFERROR(IF(L98="",0,L98-$L$1)-0.0001,0) -> 0 | J98: =SUMIF(S1P!D:K,C:C,S1P!I:KI) -> 741 | K98: 0 | L98: TBC | O98: =IF(H98=0,"OOS",IF(H98<=10,"OOS Risk",IF(H98<=20,"SC Input",""))) | P98: =_xlfn.IFNA(VLOOKUP(C98,S1P!D:N,11,0),"") -> 46234 | R98: =A98 -> ΚΕΤΣΑΠ
A99: ΜΟΥΣΤΑΡΔΑ | B99: 67682348 | C99: 67682348 | D99: HELLMANN'S ΜΕΡΙΔΕΣ ΜΟΥΣΤΑΡΔΑΣ 198x10ML | E99: Top 10 | F99: =IF(H99=0,"OOS",IF(H99<=10,"OOS Risk","")) | G99: =_xlfn.IFNA(IF(VLOOKUP(C99,'Cases2021 2022 FC'!AC:AD,2,0)=0,"1",VLOOKUP(C99,'Cases2021 2022 FC'!AC:AD,2,0)),1) -> 13 | H99: =ROUND(J99/G99,0) -> 40 | I99: =IFERROR(IF(L99="",0,L99-$L$1)-1,0) -> 0 | J99: =SUMIF(S1P!D:K,C:C,S1P!I:KI) -> 516 | K99: 192 | L99: TBC | M99: =K99 -> 192 | N99: 578 CS on stock no risk . Next delivery is planned for wk 48 | O99: =IF(H99=0,"OOS",IF(H99<=10,"OOS Risk",IF(H99<=20,"SC Input",""))) | P99: =_xlfn.IFNA(VLOOKUP(C99,S1P!D:N,11,0),"") -> 46185 | R99: =A99 -> ΜΟΥΣΤΑΡΔΑ
A100: ΜΟΥΣΤΑΡΔΑ | B100: 15940702 | C100: 64773378 | D100: HLMNS ΑΠΑΛΗ ΜΟΥΣΤΑΡΔΑ 4,8ΚΙΛ | F100: =IF(H100=0,"OOS",IF(H100<=10,"OOS Risk","")) -> OOS Risk | G100: =_xlfn.IFNA(IF(VLOOKUP(C100,'Cases2021 2022 FC'!AC:AD,2,0)=0,"1",VLOOKUP(C100,'Cases2021 2022 FC'!AC:AD,2,0)),1) -> 167 | H100: =ROUND(J100/G100,0) -> 7 | I100: =IFERROR(IF(L100="",0,L100-$L$1)-1,0) -> -8 | J100: =SUMIF(S1P!D:K,C:C,S1P!I:KI) -> 1118 | K100: 1400 | L100: 46014 | M100: =K100 -> 1400 | N100: 15.12 we received big delivery | O100: =IF(H100=0,"OOS",IF(H100<=10,"OOS Risk",IF(H100<=20,"SC Input",""))) -> OOS Risk | P100: =_xlfn.IFNA(VLOOKUP(C100,S1P!D:N,11,0),"") -> 46538 | R100: =A100 -> ΜΟΥΣΤΑΡΔΑ
...

Sheet CD
D1: Link to Top 10 | H1: =TODAY() -> 46021
H2: Supply Chain Input
A3: Κατηγορία | B3: Trade | C3: MRDR | D3: ΠΕΡΙΓΡΑΦΗ ΠΡΟΪΟΝΤΟΣ | F3: Sku Status Flagging | G3: Status | H3: Scheduled Delivery Date | I3: Expected Cases | J3: Est days of stock availability | K3: Comments | M3: =TODAY() -> 46021 | N3: 46009 | O3: 46010 | P3: 46013 | Q3: 46014 | R3: 46020 | S3: 46021 | T3: SU UNIT
A4: SPREADS | B4: 64312722 | C4: 64886744 | D4: Calve Φυστικοβούτυρο 6x1 kg | G4: =VLOOKUP(C4,SOP!C:F,4,0) | H4: =IF(VLOOKUP(C4,SOP!C:N,10,0)="","",(VLOOKUP(C4,SOP!C:N,10,0))) -> TBC | I4: =VLOOKUP(B4,SOP!$B$4:$M$148,12,0) -> 0 | J4: =IF(I4="","",I4/VLOOKUP(C4,SOP!C:G,5,0)) -> 0 | K4: =IF(VLOOKUP(C4,SOP!C:N,12,0)="","",(VLOOKUP(C4,SOP!C:N,12,0))) | T4: =VLOOKUP(C4,'SU LIST'!A:E,5,0) -> Legal stickering
A5: CARTE DOR BUFFET | B5: 67512327 | C5: 67512327 | D5: CDO ΜΕΙΓΜΑ ΓΙΑ CRÈME CARAMEL/BRULEE1X10KG | G5: =VLOOKUP(C5,SOP!C:F,4,0) | H5: =IF(VLOOKUP(C5,SOP!C:N,10,0)="","",(VLOOKUP(C5,SOP!C:N,10,0))) -> TBC | I5: =VLOOKUP(B5,SOP!$B$4:$M$148,12,0) -> 56 | J5: =IF(I5="","",I5/VLOOKUP(C5,SOP!C:G,5,0)) -> 56 | K5: =IF(VLOOKUP(C5,SOP!C:N,12,0)="","",(VLOOKUP(C5,SOP!C:N,12,0))) | T5: =VLOOKUP(C5,'SU LIST'!A:E,5,0) -> KENFOODS
A6: SEASONINGS | B6: 64303966 | C6: 64303966 | D6: KNORR PRIMERBA ΠΕΣΤΟ ΜΕ ΚΟΥΚΟΥΝΑΡΙ 2×340ΓΡ. | G6: =VLOOKUP(C6,SOP!C:F,4,0) | H6: =IF(VLOOKUP(C6,SOP!C:N,10,0)="","",(VLOOKUP(C6,SOP!C:N,10,0))) -> TBC | I6: =VLOOKUP(B6,SOP!$B$4:$M$148,12,0) -> 0 | J6: =IF(I6="","",I6/VLOOKUP(C6,SOP!C:G,5,0)) -> 0 | K6: =IF(VLOOKUP(C6,SOP!C:N,12,0)="","",(VLOOKUP(C6,SOP!C:N,12,0))) | T6: =VLOOKUP(C6,'SU LIST'!A:E,5,0) -> RAPS FRESH GMBH
A7: DRESSINGS | B7: 64324731 | C7: 64324731 | D7: HELLMANN’S ΝΤΡΕΣΙΝΓΚ CLASSIC 6x1Λ | G7: =VLOOKUP(C7,SOP!C:F,4,0) | H7: =IF(VLOOKUP(C7,SOP!C:N,10,0)="","",(VLOOKUP(C7,SOP!C:N,10,0))) -> TBC | I7: =VLOOKUP(B7,SOP!$B$4:$M$148,12,0) -> 0 | J7: =IF(I7="","",I7/VLOOKUP(C7,SOP!C:G,5,0)) -> 0 | K7: =IF(VLOOKUP(C7,SOP!C:N,12,0)="","",(VLOOKUP(C7,SOP!C:N,12,0))) | T7: =VLOOKUP(C7,'SU LIST'!A:E,5,0) -> SU CHEVIGNY
A8: DRESSINGS | B8: 64315194 | C8: 64315194 | D8: HELLMANN’S ΝΤΡΕΣΙΝΓΚ CHIV&PARSL 6x1Λ | G8: =VLOOKUP(C8,SOP!C:F,4,0) -> OOS | H8: =IF(VLOOKUP(C8,SOP!C:N,10,0)="","",(VLOOKUP(C8,SOP!C:N,10,0))) -> TBC | I8: =VLOOKUP(B8,SOP!$B$4:$M$148,12,0) -> 300 | J8: =IF(I8="","",I8/VLOOKUP(C8,SOP!C:G,5,0)) -> 300 | K8: =IF(VLOOKUP(C8,SOP!C:N,12,0)="","",(VLOOKUP(C8,SOP!C:N,12,0))) -> prod in wk02. Couldn't be handle in december due to limited capacity at SU | T8: =VLOOKUP(C8,'SU LIST'!A:E,5,0) -> SU CHEVIGNY
A9: CARTE DOR BUFFET | B9: 67830539 | C9: 67830539 | D9: CDO ΜΟΥΣ ΜΕ ΓΕΥΣΗ ΒΑΝΙΛΙΑΣ 1X5KG | G9: =VLOOKUP(C9,SOP!C:F,4,0) | H9: =IF(VLOOKUP(C9,SOP!C:N,10,0)="","",(VLOOKUP(C9,SOP!C:N,10,0))) -> TBC | I9: =VLOOKUP(B9,SOP!$B$4:$M$148,12,0) -> 55 | J9: =IF(I9="","",I9/VLOOKUP(C9,SOP!C:G,5,0)) -> 55 | K9: =IF(VLOOKUP(C9,SOP!C:N,12,0)="","",(VLOOKUP(C9,SOP!C:N,12,0))) | T9: =VLOOKUP(C9,'SU LIST'!A:E,5,0) -> KENFOODS
A10: ΓΑΡΝΙΤΟΥΡΕΣ | B10: 6295803 | C10: 11247103 | D10: KNORR ΑΦΥΔ. ΣΑΛΑΤΑ TAΜΠΟΥΛΕ (COUS COUS) 6Χ625 ΓΡ. | G10: =VLOOKUP(C10,SOP!C:F,4,0) | H10: =IF(VLOOKUP(C10,SOP!C:N,10,0)="","",(VLOOKUP(C10,SOP!C:N,10,0))) -> TBC | I10: =VLOOKUP(B10,SOP!$B$4:$M$148,12,0) -> 0 | J10: =IF(I10="","",I10/VLOOKUP(C10,SOP!C:G,5,0)) -> 0 | K10: =IF(VLOOKUP(C10,SOP!C:N,12,0)="","",(VLOOKUP(C10,SOP!C:N,12,0))) | T10: =VLOOKUP(C10,'SU LIST'!A:E,5,0) -> PLOIESTI
A11: CARTE DOR BUFFET | B11: 67512194 | C11: 67512194 | D11: CDO ΜΕΙΓΜΑ ΓΙΑ PANNA COTTA 1X10KG | G11: =VLOOKUP(C11,SOP!C:F,4,0) | H11: =IF(VLOOKUP(C11,SOP!C:N,10,0)="","",(VLOOKUP(C11,SOP!C:N,10,0))) -> TBC | I11: =VLOOKUP(B11,SOP!$B$4:$M$148,12,0) -> 112 | J11: =IF(I11="","",I11/VLOOKUP(C11,SOP!C:G,5,0)) -> 112 | K11: =IF(VLOOKUP(C11,SOP!C:N,12,0)="","",(VLOOKUP(C11,SOP!C:N,12,0))) | T11: =VLOOKUP(C11,'SU LIST'!A:E,5,0) -> KENFOODS
A12: DRESSINGS | B12: 67751022 | C12: 67751022 | D12: HLMNS ΣΑΛΤΣΑ DELUXE ΓΙΑ ΠΑΤΑΤ. 6Χ850ΓΡ | G12: =VLOOKUP(C12,SOP!C:F,4,0) | H12: =IF(VLOOKUP(C12,SOP!C:N,10,0)="","",(VLOOKUP(C12,SOP!C:N,10,0))) -> TBC | I12: =VLOOKUP(B12,SOP!$B$4:$M$148,12,0) -> 0 | J12: =IF(I12="","",I12/VLOOKUP(C12,SOP!C:G,5,0)) -> 0 | K12: =IF(VLOOKUP(C12,SOP!C:N,12,0)="","",(VLOOKUP(C12,SOP!C:N,12,0))) | T12: =VLOOKUP(C12,'SU LIST'!A:E,5,0) -> 3PM MENDES GONCALVES
A13: WORLD CUISINES | B13: 67418234 | C13: 67418234 | D13: ΚΝΟRR ΣΑΛΤΣΑ ΤΕΡΙΓΙΑΚΙ 6x1,23ΚΙΛ | G13: =VLOOKUP(C13,SOP!C:F,4,0) -> OOS | H13: =IF(VLOOKUP(C13,SOP!C:N,10,0)="","",(VLOOKUP(C13,SOP!C:N,10,0))) -> 46013 | I13: =VLOOKUP(B13,SOP!$B$4:$M$148,12,0) -> 80 | J13: =IF(I13="","",I13/VLOOKUP(C13,SOP!C:G,5,0)) -> 80 | K13: =IF(VLOOKUP(C13,SOP!C:N,12,0)="","",(VLOOKUP(C13,SOP!C:N,12,0))) | T13: =VLOOKUP(C13,'SU LIST'!A:E,5,0) -> Skåne Finkost
A14: DRESSINGS | B14: 68429197 | C14: 68429197 | D14: HELLMANN'S ΝΤΡΕΣΙΝΓΚ ΜΕΛΙ & ΜΟΥΣΤΑΡΔΑ 6x1 ΛΙΤ | G14: =VLOOKUP(C14,SOP!C:F,4,0) | H14: 45931 | I14: 1400 | J14: =IF(I14="","",I14/VLOOKUP(C14,SOP!C:G,5,0)) -> 25.925926 | K14: =IF(VLOOKUP(C14,SOP!C:N,12,0)="","",(VLOOKUP(C14,SOP!C:N,12,0))) | T14: =VLOOKUP(C14,'SU LIST'!A:E,5,0) -> SU CHEVIGNY
A15: SEASONINGS | B15: T20325 | C15: 17193301 | D15: KNORR PRIMERBA ΠΑΣΤΑ ΘΥΜΑΡΙ 2×340 ΓΡ. | G15: =VLOOKUP(C15,SOP!C:F,4,0) | H15: =IF(VLOOKUP(C15,SOP!C:N,10,0)="","",(VLOOKUP(C15,SOP!C:N,10,0))) -> TBC | I15: =VLOOKUP(B15,SOP!$B$4:$M$148,12,0) -> 3675 | J15: =IF(I15="","",I15/VLOOKUP(C15,SOP!C:G,5,0)) -> 68.055556 | K15: =IF(VLOOKUP(C15,SOP!C:N,12,0)="","",(VLOOKUP(C15,SOP!C:N,12,0))) | T15: =VLOOKUP(C15,'SU LIST'!A:E,5,0) -> RAPS FRESH GMBH
A16: CARTE DOR BUFFET | B16: 67830541 | C16: 67830541 | D16: CDO ΜΟΥΣ ΜΕ ΓΕΥΣΗ ΣΟΚΟΛΑΤΑΣ 1X5KG | G16: =VLOOKUP(C16,SOP!C:F,4,0) | H16: =IF(VLOOKUP(C16,SOP!C:N,10,0)="","",(VLOOKUP(C16,SOP!C:N,10,0))) -> TBC | I16: =VLOOKUP(B16,SOP!$B$4:$M$148,12,0) -> 0 | J16: =IF(I16="","",I16/VLOOKUP(C16,SOP!C:G,5,0)) -> 0 | K16: =IF(VLOOKUP(C16,SOP!C:N,12,0)="","",(VLOOKUP(C16,SOP!C:N,12,0))) | T16: =VLOOKUP(C16,'SU LIST'!A:E,5,0) -> KENFOODS | V16: 67418234 | W16: ΚΝΟRR ΣΑΛΤΣΑ ΤΕΡΙΓΙΑΚΙ 6x1,23ΚΙΛ
A17: ΖΩΜΟΙ | B17: 68755990 | C17: 68755990 | D17: ΚΝ ΖΩΜΟΣ ΚΟΤΑΣ ΣΕ ΣΚΟΝΗ 6Χ1 ΚΙΛ. | F17: new | G17: =VLOOKUP(C17,SOP!C:F,4,0) -> OOS | H17: =IF(VLOOKUP(C17,SOP!C:N,10,0)="","",(VLOOKUP(C17,SOP!C:N,10,0))) -> 46013 | I17: =VLOOKUP(B17,SOP!$B$4:$M$148,12,0) -> 144 | J17: =IF(I17="","",I17/VLOOKUP(C17,SOP!C:G,5,0)) -> 72 | K17: =IF(VLOOKUP(C17,SOP!C:N,12,0)="","",(VLOOKUP(C17,SOP!C:N,12,0))) | T17: =VLOOKUP(C17,'SU LIST'!A:E,5,0) -> HEILBORN
A18: WORLD CUISINES | B18: 67262258 | C18: 67262258 | D18: KN ΠΙΚΑΝΤ.ΣΑΛΤΣΑ ΜΕ ΤΣΙΛΙ,TOMATA 6Χ1ΛΤ | G18: =VLOOKUP(C18,SOP!C:F,4,0) | H18: =IF(VLOOKUP(C18,SOP!C:N,10,0)="","",(VLOOKUP(C18,SOP!C:N,10,0))) -> TBC | I18: =VLOOKUP(B18,SOP!$B$4:$M$148,12,0) -> 80 | J18: =IF(I18="","",I18/VLOOKUP(C18,SOP!C:G,5,0)) -> 80 | K18: =IF(VLOOKUP(C18,SOP!C:N,12,0)="","",(VLOOKUP(C18,SOP!C:N,12,0))) -> Delivery was planned fo 04.11.2025 but don't arrive. Im checking this with Dispatch planner. | T18: =VLOOKUP(C18,'SU LIST'!A:E,5,0) -> Skåne Finkost
A19: ΖΩΜΟΙ | B19: 19502801 | C19: 68448698 | D19: KN ΕΠΑΓΓΕΛΜΑΤΙΚΟΣ ΖΩΜΟΣ ΒΟΔΙΝΟΥ 2X800G | E19: Top 10 | G19: =VLOOKUP(C19,SOP!C:F,4,0) | H19: =IF(VLOOKUP(C19,SOP!C:N,10,0)="","",(VLOOKUP(C19,SOP!C:N,10,0))) -> TBC | I19: =VLOOKUP(B19,SOP!$B$4:$M$148,12,0) -> 0 | J19: =IF(I19="","",I19/VLOOKUP(C19,SOP!C:G,5,0)) -> 0 | K19: =IF(VLOOKUP(C19,SOP!C:N,12,0)="","",(VLOOKUP(C19,SOP!C:N,12,0))) | T19: =VLOOKUP(C19,'SU LIST'!A:E,5,0) -> REPACK | V19: 67750998 | W19: HLMNS ΑΝΑΠ.ΜΑΓΙΟΝΕΖΑΣ 6Χ820ΓΡ
A20: ΖΩΜΟΙ | B20: 29603001 | C20: 29603001 | D20: ΚΝORR ΥΓΡΟΣ ΖΩΜΟΣ ΟΣΤΡΑΚΟΕΙΔΩΝ 6Χ1L | G20: =VLOOKUP(C20,SOP!C:F,4,0) | H20: TBC | I20: 80 | J20: =IF(I20="","",I20/VLOOKUP(C20,SOP!C:G,5,0)) -> 80 | K20: =IF(VLOOKUP(C20,SOP!C:N,12,0)="","",(VLOOKUP(C20,SOP!C:N,12,0))) | T20: =VLOOKUP(C20,'SU LIST'!A:E,5,0) -> Skåne Finkost | V20: 64345464 | W20: CARTE D'OR ΣΙΡΟΠΙ ΣΟΚΟΛΑΤΑ 6Χ1L
A21: ΣΑΛΤΣΕΣ | B21: 27184701 | C21: 67738206 | D21: KNORR ΣΑΛΤΣΑ ΝΤΕΜΙ ΓΚΛΑΣ 6Χ1,2 ΚΙΛ | G21: =VLOOKUP(C21,SOP!C:F,4,0) | H21: =IF(VLOOKUP(C21,SOP!C:N,10,0)="","",(VLOOKUP(C21,SOP!C:N,10,0))) -> TBC | I21: =VLOOKUP(B21,SOP!$B$4:$M$148,12,0) -> 493 | J21: =IF(I21="","",I21/VLOOKUP(C21,SOP!C:G,5,0)) -> 98.6 | K21: =IF(VLOOKUP(C21,SOP!C:N,12,0)="","",(VLOOKUP(C21,SOP!C:N,12,0))) -> stock is produced but SU don't have enough pallets for reach full truck. Pushing for dispatch on 20.10 (less than a full truck) | T21: =VLOOKUP(C21,'SU LIST'!A:E,5,0) -> PLOIESTI
A22: CARTE DOR BUFFET | B22: 68222641 | C22: 68222641 | D22: CDO ΜΕΙΓΜΑ ΓΙΑ ΠΑΝΚΕΪΚ/ΒΑΦΛΑ 6X2KG | G22: =VLOOKUP(C22,SOP!C:F,4,0) | H22: =IF(VLOOKUP(C22,SOP!C:N,10,0)="","",(VLOOKUP(C22,SOP!C:N,10,0))) -> TBC | I22: =VLOOKUP(B22,SOP!$B$4:$M$148,12,0) -> 0 | J22: =IF(I22="","",I22/VLOOKUP(C22,SOP!C:G,5,0)) -> 0 | K22: =IF(VLOOKUP(C22,SOP!C:N,12,0)="","",(VLOOKUP(C22,SOP!C:N,12,0))) | T22: =VLOOKUP(C22,'SU LIST'!A:E,5,0) -> KENFOODS | V22: 67830543 | W22: CDO ΜΟΥΣ ΜΕ ΓΕΥΣΗ ΦΡΑΟΥΛΑΣ 1X5KG
A23: ΖΩΜΟΙ | B23: 19522701 | C23: 19522701 | D23: KN ΕΠΑΓΓΕΛΜΑΤΙΚΟΣ ΖΩΜΟΣ ΚΟΤΟΠΟΥΛΟ 2X800ΓΡ | F23: new | G23: =VLOOKUP(C23,SOP!C:F,4,0) | H23: =IF(VLOOKUP(C23,SOP!C:N,10,0)="","",(VLOOKUP(C23,SOP!C:N,10,0))) -> TBC | I23: =VLOOKUP(B23,SOP!$B$4:$M$148,12,0) -> 313 | J23: =IF(I23="","",I23/VLOOKUP(C23,SOP!C:G,5,0)) -> 62.6 | K23: =IF(VLOOKUP(C23,SOP!C:N,12,0)="","",(VLOOKUP(C23,SOP!C:N,12,0))) -> Production delay. Checking with E2E when he plan to dispatch these goods | T23: =VLOOKUP(C23,'SU LIST'!A:E,5,0) -> RAPS FRESH GMBH | V23: 28000701 | W23: HELLMANN'S ΝΤΡΕΣΙΝΓΚ ΣΙΖΑΡ 3x3 ΛΙΤ
A24: ΣΙΡΟΠΙΑ | B24: 64344801 | C24: 64344801 | D24: CARTE D'OR ΣΙΡΟΠΙ ΚΑΡAMEΛΑ TOFFEE 6X1L | G24: =VLOOKUP(C24,SOP!C:F,4,0) | H24: =IF(VLOOKUP(C24,SOP!C:N,10,0)="","",(VLOOKUP(C24,SOP!C:N,10,0))) -> TBC | I24: =VLOOKUP(B24,SOP!$B$4:$M$148,12,0) -> 200 | J24: =IF(I24="","",I24/VLOOKUP(C24,SOP!C:G,5,0)) -> 200 | K24: =IF(VLOOKUP(C24,SOP!C:N,12,0)="","",(VLOOKUP(C24,SOP!C:N,12,0))) -> stock transfer from ES was not organized on time. Ultra is looking for a truck now with potential delivery date on 21.10. Prod at SU just in wk45 | T24: =VLOOKUP(C24,'SU LIST'!A:E,5,0) -> WILHELM REUSS GMBH & CO. KG | V24: 17193301 | W24: KNORR PRIMERBA ΠΑΣΤΑ ΘΥΜΑΡΙ 2×340 ΓΡ.
A25: ΚΕΤΣΑΠ | B25: 67969831 | C25: 67969831 | D25: HELLMANN'S ΜΕΡΙΔΕΣ ΜΠΑΡΜΠΕΚΙΟΥ 198x10ML | G25: =VLOOKUP(C25,SOP!C:F,4,0) | H25: =IF(VLOOKUP(C25,SOP!C:N,10,0)="","",(VLOOKUP(C25,SOP!C:N,10,0))) -> TBC | I25: =VLOOKUP(B25,SOP!$B$4:$M$148,12,0) -> 1344 | J25: =IF(I25="","",I25/VLOOKUP(C25,SOP!C:G,5,0)) -> 42 | K25: =IF(VLOOKUP(C25,SOP!C:N,12,0)="","",(VLOOKUP(C25,SOP!C:N,12,0))) -> stock in transit | T25: =VLOOKUP(C25,'SU LIST'!A:E,5,0) -> SU POZNAN
A26: SEASONINGS | B26: T20310 | C26: 68448695 | D26: KNORR PRIMERBA ΜΠΟΥΚΕΤΟ ΜΥΡΩΔΙΚΩΝ ΤΟΥ ΑΓΡΟΥ 2 x 340ΓΡ. | G26: =VLOOKUP(C26,SOP!C:F,4,0) | H26: =IF(VLOOKUP(C26,SOP!C:N,10,0)="","",(VLOOKUP(C26,SOP!C:N,10,0))) -> TBC | I26: =VLOOKUP(B26,SOP!$B$4:$M$148,12,0) -> 0 | J26: =IF(I26="","",I26/VLOOKUP(C26,SOP!C:G,5,0)) -> 0 | K26: =IF(VLOOKUP(C26,SOP!C:N,12,0)="","",(VLOOKUP(C26,SOP!C:N,12,0))) | T26: =VLOOKUP(C26,'SU LIST'!A:E,5,0) -> INTRAPACK | V26: 67682359 | W26: HELLMANN'S ΜΕΡΙΔΕΣ ΚΕΤΣΑΠ 198x10ML
A27: ΜΑΓΙΟΝΕΖΑ | B27: 67750998 | C27: 67750998 | D27: HLMNS ΑΝΑΠ.ΜΑΓΙΟΝΕΖΑΣ 6Χ820ΓΡ | G27: =VLOOKUP(C27,SOP!C:F,4,0) | H27: =IF(VLOOKUP(C27,SOP!C:N,10,0)="","",(VLOOKUP(C27,SOP!C:N,10,0))) -> TBC | I27: =VLOOKUP(B27,SOP!$B$4:$M$148,12,0) -> 250 | J27: =IF(I27="","",I27/VLOOKUP(C27,SOP!C:G,5,0)) -> 62.5 | K27: =IF(VLOOKUP(C27,SOP!C:N,12,0)="","",(VLOOKUP(C27,SOP!C:N,12,0))) | T27: =VLOOKUP(C27,'SU LIST'!A:E,5,0) -> 3PM MENDES GONCALVES
A28: ΖΩΜΟΙ | B28: 19503901 | C28: 68448709 | D28: KN ΕΠΑΓΓΕΛΜΑΤΙΚΟΣ ΖΩΜΟΣ ΛΑΧΑΝΙΚΩΝ 2X800ΓΡ | G28: =VLOOKUP(C28,SOP!C:F,4,0) | H28: =IF(VLOOKUP(C28,SOP!C:N,10,0)="","",(VLOOKUP(C28,SOP!C:N,10,0))) -> TBC | I28: =VLOOKUP(B28,SOP!$B$4:$M$148,12,0) -> 0 | J28: =IF(I28="","",I28/VLOOKUP(C28,SOP!C:G,5,0)) -> 0 | K28: =IF(VLOOKUP(C28,SOP!C:N,12,0)="","",(VLOOKUP(C28,SOP!C:N,12,0))) | T28: =VLOOKUP(C28,'SU LIST'!A:E,5,0) -> REPACK | V28: 64922041 | W28: HELLMANN’S PROFESSIONAL 1X5Λ
A29: SEASONINGS | B29: T20327 | C29: 17193101 | D29: KNORR PRIMERBA ΠΑΣΤΑ ΔΕΝΔΡΟΛΙΒΑΝΟ 2×340ΓΡ. | G29: =VLOOKUP(C29,SOP!C:F,4,0) | H29: =IF(VLOOKUP(C29,SOP!C:N,10,0)="","",(VLOOKUP(C29,SOP!C:N,10,0))) -> TBC | I29: =VLOOKUP(B29,SOP!$B$4:$M$148,12,0) -> 0 | J29: =IF(I29="","",I29/VLOOKUP(C29,SOP!C:G,5,0)) -> 0 | K29: =IF(VLOOKUP(C29,SOP!C:N,12,0)="","",(VLOOKUP(C29,SOP!C:N,12,0))) | T29: =VLOOKUP(C29,'SU LIST'!A:E,5,0) -> RAPS FRESH GMBH | V29: 62751906 | W29: HELLMAN'S ΜΑΓΙΟΝΕΖΑ 1Χ2 ΛΙΤΡΑ BUC
A30: ΣΑΛΤΣΕΣ | B30: 16869701 | C30: 67751196 | D30: KNORR ΣΑΛΤΣΑ ΜΠΡΑΤΕΝΖΟΥΣ 6Χ1 ΚΙΛ | G30: =VLOOKUP(C30,SOP!C:F,4,0) | H30: =IF(VLOOKUP(C30,SOP!C:N,10,0)="","",(VLOOKUP(C30,SOP!C:N,10,0))) -> TBC | I30: =VLOOKUP(B30,SOP!$B$4:$M$148,12,0) -> 0 | J30: =IF(I30="","",I30/VLOOKUP(C30,SOP!C:G,5,0)) -> 0 | K30: =IF(VLOOKUP(C30,SOP!C:N,12,0)="","",(VLOOKUP(C30,SOP!C:N,12,0))) | T30: =VLOOKUP(C30,'SU LIST'!A:E,5,0) -> PLOIESTI | V30: 67682357 | W30: HELLMANN'S ΜΕΡΙΔΕΣ ΜΑΓΙΟΝΕΖΑΣ 198x10ML
A31: CARTE DOR BUFFET | B31: 67512459 | C31: 67512459 | D31: CDO ΚΕΙΚ ΜΕ ΓΕΥΣΗ ΒΑΝΙΛΙΑΣ 1X20KG | G31: =VLOOKUP(C31,SOP!C:F,4,0) | H31: =IF(VLOOKUP(C31,SOP!C:N,10,0)="","",(VLOOKUP(C31,SOP!C:N,10,0))) -> TBC | I31: =VLOOKUP(B31,SOP!$B$4:$M$148,12,0) -> 0 | J31: =IF(I31="","",I31/VLOOKUP(C31,SOP!C:G,5,0)) -> 0 | K31: =IF(VLOOKUP(C31,SOP!C:N,12,0)="","",(VLOOKUP(C31,SOP!C:N,12,0))) | T31: =VLOOKUP(C31,'SU LIST'!A:E,5,0) -> KENFOODS | V31: 67682348 | W31: HELLMANN'S ΜΕΡΙΔΕΣ ΜΟΥΣΤΑΡΔΑΣ 198x10ML
A32: ΣΑΛΤΣΕΣ | B32: 6404803 | C32: 64882125 | D32: KNORR ΣΑΛΤΣΑ ΗOLLANDAISE 6X825ΓΡ | G32: =VLOOKUP(C32,SOP!C:F,4,0) -> OOS | H32: =IF(VLOOKUP(C32,SOP!C:N,10,0)="","",(VLOOKUP(C32,SOP!C:N,10,0))) -> 46013 | I32: =VLOOKUP(B32,SOP!$B$4:$M$148,12,0) -> 105 | J32: =IF(I32="","",I32/VLOOKUP(C32,SOP!C:G,5,0)) -> 105 | K32: =IF(VLOOKUP(C32,SOP!C:N,12,0)="","",(VLOOKUP(C32,SOP!C:N,12,0))) | T32: =VLOOKUP(C32,'SU LIST'!A:E,5,0) -> HEILBORN
A33: ΒΟΗΘ. ΖΑΧΑΡΟΠΛΑΣΤΙΚΗΣ ΜΑΓΕΙΡΙΚΗΣ | B33: 15103501 | C33: 68761777 | D33: MAIZENA ΚΟΡΝ ΦΛΑΟΥΡ 4Χ2,5 ΚΙΛ | G33: =VLOOKUP(C33,SOP!C:F,4,0) | H33: =IF(VLOOKUP(C33,SOP!C:N,10,0)="","",(VLOOKUP(C33,SOP!C:N,10,0))) -> TBC | I33: =VLOOKUP(B33,SOP!$B$4:$M$148,12,0) -> 0 | J33: =IF(I33="","",I33/VLOOKUP(C33,SOP!C:G,5,0)) -> 0 | K33: =IF(VLOOKUP(C33,SOP!C:N,12,0)="","",(VLOOKUP(C33,SOP!C:N,12,0))) | T33: =VLOOKUP(C33,'SU LIST'!A:E,5,0) -> EM Foods | V33: 64344801 | W33: CARTE D'OR ΣΙΡΟΠΙ ΚΑΡAMEΛΑ TOFFEE 6X1L
A34: ΥΓΡΕΣ ΣΑΛΤΣΕΣ | B34: 64334251 | C34: 64919934 | D34: KNORR ΥΓΡΗ ΣΑΛΤΣΑ ΜΠΕΑΡΝΕΖ 6Χ1 ΛΙΤΡΟ | G34: =VLOOKUP(C34,SOP!C:F,4,0) -> OOS | H34: =IF(VLOOKUP(C34,SOP!C:N,10,0)="","",(VLOOKUP(C34,SOP!C:N,10,0))) -> TBC | I34: =VLOOKUP(B34,SOP!$B$4:$M$148,12,0) -> 360 | J34: =IF(I34="","",I34/VLOOKUP(C34,SOP!C:G,5,0)) -> 360 | K34: =IF(VLOOKUP(C34,SOP!C:N,12,0)="","",(VLOOKUP(C34,SOP!C:N,12,0))) -> component in Intrapack; checking delivery (I hope for this Friday) | T34: =VLOOKUP(C34,'SU LIST'!A:E,5,0) -> INTRAPACK
A35: DRESSINGS | B35: 68608109 | C35: 68608109 | D35: HELLMANN'S BINΕΓΚΡΕΤ ΒΑΣΙΛΙΚΟΥ 6Χ1ΛΙΤ. | E35: Top 10 | G35: =VLOOKUP(C35,SOP!C:F,4,0) | H35: =IF(VLOOKUP(C35,SOP!C:N,10,0)="","",(VLOOKUP(C35,SOP!C:N,10,0))) -> TBC | I35: =VLOOKUP(B35,SOP!$B$4:$M$148,12,0) -> 0 | J35: =IF(I35="","",I35/VLOOKUP(C35,SOP!C:G,5,0)) -> 0 | K35: =IF(VLOOKUP(C35,SOP!C:N,12,0)="","",(VLOOKUP(C35,SOP!C:N,12,0))) | T35: =VLOOKUP(C35,'SU LIST'!A:E,5,0) -> INTRAPACK
A36: ΥΓΡΕΣ ΣΑΛΤΣΕΣ | B36: 64332272 | C36: 64919936 | D36: KNORR ΥΓΡΗ ΣΑΛΤΣΑ TΥΡΙΩΝ 6Χ1 ΛΙΤΡΟ | G36: =VLOOKUP(C36,SOP!C:F,4,0) -> OOS | H36: =IF(VLOOKUP(C36,SOP!C:N,10,0)="","",(VLOOKUP(C36,SOP!C:N,10,0))) -> TBC | I36: =VLOOKUP(B36,SOP!$B$4:$M$148,12,0) -> 360 | J36: =IF(I36="","",I36/VLOOKUP(C36,SOP!C:G,5,0)) -> 360 | K36: =IF(VLOOKUP(C36,SOP!C:N,12,0)="","",(VLOOKUP(C36,SOP!C:N,12,0))) -> component in Intrapack; checking delivery (I hope for this Friday) | T36: =VLOOKUP(C36,'SU LIST'!A:E,5,0) -> INTRAPACK
A37: DRESSINGS | B37: 12110903 | C37: 12110903 | D37: HLMNS ΣΑΛΤΣΑ ΜΟΥΣΤΑΡΔΑΣ 3Λ | F37: new | G37: =VLOOKUP(C37,SOP!C:F,4,0) | H37: =IF(VLOOKUP(C37,SOP!C:N,10,0)="","",(VLOOKUP(C37,SOP!C:N,10,0))) -> 46002 | I37: =VLOOKUP(B37,SOP!$B$4:$M$148,12,0) -> 698 | J37: =IF(I37="","",I37/VLOOKUP(C37,SOP!C:G,5,0)) -> 33.238095 | K37: =IF(VLOOKUP(C37,SOP!C:N,12,0)="","",(VLOOKUP(C37,SOP!C:N,12,0))) -> delivered today | T37: =VLOOKUP(C37,'SU LIST'!A:E,5,0) -> SU RENTIS
A38: ΜΑΓΙΟΝΕΖΑ | B38: 64308055 | C38: 64308055 | D38: HELLMANN’S VEGAN 1X3Λ | E38: Top 10 | G38: =VLOOKUP(C38,SOP!C:F,4,0) | H38: =IF(VLOOKUP(C38,SOP!C:N,10,0)="","",(VLOOKUP(C38,SOP!C:N,10,0))) -> TBC | I38: =VLOOKUP(B38,SOP!$B$4:$M$148,12,0) -> 0 | J38: =IF(I38="","",I38/VLOOKUP(C38,SOP!C:G,5,0)) -> 0 | K38: =IF(VLOOKUP(C38,SOP!C:N,12,0)="","",(VLOOKUP(C38,SOP!C:N,12,0))) | T38: =VLOOKUP(C38,'SU LIST'!A:E,5,0) -> SU LEIOA
A39: ΚΕΤΣΑΠ | B39: 67751000 | C39: 67751000 | D39: HLMNS ΚΕΤΣΑΠ 6Χ950ΓΡ | G39: =VLOOKUP(C39,SOP!C:F,4,0) | H39: =IF(VLOOKUP(C39,SOP!C:N,10,0)="","",(VLOOKUP(C39,SOP!C:N,10,0))) -> TBC | I39: =VLOOKUP(B39,SOP!$B$4:$M$148,12,0) -> 0 | J39: =IF(I39="","",I39/VLOOKUP(C39,SOP!C:G,5,0)) -> 0 | K39: =IF(VLOOKUP(C39,SOP!C:N,12,0)="","",(VLOOKUP(C39,SOP!C:N,12,0))) | T39: =VLOOKUP(C39,'SU LIST'!A:E,5,0) -> 3PM MENDES GONCALVES
A40: ΜΟΥΣΤΑΡΔΑ | B40: 19485901 | C40: 64813348 | D40: HELLMANN’S ΜΟΥΣΤΑΡΔΑ ΜΙΝΙ ΒΑΖ. 1X80X33ML | G40: =VLOOKUP(C40,SOP!C:F,4,0) | H40: =IF(VLOOKUP(C40,SOP!C:N,10,0)="","",(VLOOKUP(C40,SOP!C:N,10,0))) -> TBC | I40: =VLOOKUP(B40,SOP!$B$4:$M$148,12,0) -> 0 | J40: =IF(I40="","",I40/VLOOKUP(C40,SOP!C:G,5,0)) -> 0 | K40: =IF(VLOOKUP(C40,SOP!C:N,12,0)="","",(VLOOKUP(C40,SOP!C:N,12,0))) | T40: =VLOOKUP(C40,'SU LIST'!A:E,5,0) -> 3PM Menz and Gasser SPA
A41: ΣΑΛΤΣΕΣ | B41: 13091403 | C41: 67577421 | D41: KNORR ΣΑΛΤΣΑ ΤΟΜΑΤΑΣ 1Χ10 ΚΙΛ FS | E41: Top 10 | G41: =VLOOKUP(C41,SOP!C:F,4,0) | H41: =IF(VLOOKUP(C41,SOP!C:N,10,0)="","",(VLOOKUP(C41,SOP!C:N,10,0))) -> TBC | I41: =VLOOKUP(B41,SOP!$B$4:$M$148,12,0) -> 0 | J41: =IF(I41="","",I41/VLOOKUP(C41,SOP!C:G,5,0)) -> 0 | K41: =IF(VLOOKUP(C41,SOP!C:N,12,0)="","",(VLOOKUP(C41,SOP!C:N,12,0))) | T41: =VLOOKUP(C41,'SU LIST'!A:E,5,0) -> PLOIESTI
A42: ΖΩΜΟΙ | B42: 12011702 | C42: 12011702 | D42: KNORR ΖΩΜΟΣ ΚΟΤΑΣ 1*4Κ | G42: =VLOOKUP(C42,SOP!C:F,4,0) | H42: =IF(VLOOKUP(C42,SOP!C:N,10,0)="","",(VLOOKUP(C42,SOP!C:N,10,0))) -> TBC | I42: =VLOOKUP(B42,SOP!$B$4:$M$148,12,0) -> 0 | J42: =IF(I42="","",I42/VLOOKUP(C42,SOP!C:G,5,0)) -> 0 | K42: =IF(VLOOKUP(C42,SOP!C:N,12,0)="","",(VLOOKUP(C42,SOP!C:N,12,0))) | T42: =VLOOKUP(C42,'SU LIST'!A:E,5,0) -> ST IRIA
A43: DRESSINGS | B43: T21134 | C43: 28000701 | D43: HELLMANN'S ΝΤΡΕΣΙΝΓΚ ΣΙΖΑΡ 3x3 ΛΙΤ | F43: new | G43: =VLOOKUP(C43,SOP!C:F,4,0) -> OOS Risk | H43: =IF(VLOOKUP(C43,SOP!C:N,10,0)="","",(VLOOKUP(C43,SOP!C:N,10,0))) -> 46010 | I43: =VLOOKUP(B43,SOP!$B$4:$M$148,12,0) -> 2667 | J43: =IF(I43="","",I43/VLOOKUP(C43,SOP!C:G,5,0)) -> 15.688235 | K43: =IF(VLOOKUP(C43,SOP!C:N,12,0)="","",(VLOOKUP(C43,SOP!C:N,12,0))) -> prod in Rentis 17.12 | T43: =VLOOKUP(C43,'SU LIST'!A:E,5,0) -> SU RENTIS
A44: ΖΩΜΟΙ | B44: 68768919 | C44: 68768919 | D44: KNORR ΖΩΜΟΣ ΛΑΧΑΝ ΣΕ ΣΚΟΝΗ 6Χ1,25 ΚΙΛ | G44: =VLOOKUP(C44,SOP!C:F,4,0) | H44: =IF(VLOOKUP(C44,SOP!C:N,10,0)="","",(VLOOKUP(C44,SOP!C:N,10,0))) -> 45967 | I44: =VLOOKUP(B44,SOP!$B$4:$M$148,12,0) -> 585 | J44: =IF(I44="","",I44/VLOOKUP(C44,SOP!C:G,5,0)) -> 58.5 | K44: =IF(VLOOKUP(C44,SOP!C:N,12,0)="","",(VLOOKUP(C44,SOP!C:N,12,0))) -> not enough pallets to fulfil a truck; waiting for more updates from E2E | T44: =VLOOKUP(C44,'SU LIST'!A:E,5,0) -> PLOIESTI
A45: ΖΩΜΟΙ | B45: 19630701 | C45: 19630701 | D45: KNORR ΖΩΜΟΣ ΒΟΔΙΝΟΥ 6x1,2ΚΙΛ | G45: =VLOOKUP(C45,SOP!C:F,4,0) | H45: =IF(VLOOKUP(C45,SOP!C:N,10,0)="","",(VLOOKUP(C45,SOP!C:N,10,0))) -> TBC | I45: =VLOOKUP(B45,SOP!$B$4:$M$148,12,0) -> 0 | J45: =IF(I45="","",I45/VLOOKUP(C45,SOP!C:G,5,0)) -> 0 | K45: =IF(VLOOKUP(C45,SOP!C:N,12,0)="","",(VLOOKUP(C45,SOP!C:N,12,0))) | T45: =VLOOKUP(C45,'SU LIST'!A:E,5,0) -> ST IRIA
A46: ΣΑΛΤΣΕΣ | B46: 16164101 | C46: 16164101 | D46: KNORR ΣΑΛΤΣΑ ΚΑΡΜΠΟΝΑΡΑ 6Χ1ΚΙΛ | G46: =VLOOKUP(C46,SOP!C:F,4,0) | H46: =IF(VLOOKUP(C46,SOP!C:N,10,0)="","",(VLOOKUP(C46,SOP!C:N,10,0))) -> TBC | I46: =VLOOKUP(B46,SOP!$B$4:$M$148,12,0) -> 0 | J46: =IF(I46="","",I46/VLOOKUP(C46,SOP!C:G,5,0)) -> 0 | K46: =IF(VLOOKUP(C46,SOP!C:N,12,0)="","",(VLOOKUP(C46,SOP!C:N,12,0))) | T46: =VLOOKUP(C46,'SU LIST'!A:E,5,0) -> HEILBORN
A47: ΚΕΤΣΑΠ | B47: 19486001 | C47: 64813347 | D47: HELLMANN’S ΚΕΤΣΑΠ MINI ΒΑΖ. 1X80X33ML | G47: =VLOOKUP(C47,SOP!C:F,4,0) | H47: =IF(VLOOKUP(C47,SOP!C:N,10,0)="","",(VLOOKUP(C47,SOP!C:N,10,0))) -> TBC | I47: =VLOOKUP(B47,SOP!$B$4:$M$148,12,0) -> 0 | J47: =IF(I47="","",I47/VLOOKUP(C47,SOP!C:G,5,0)) -> 0 | K47: =IF(VLOOKUP(C47,SOP!C:N,12,0)="","",(VLOOKUP(C47,SOP!C:N,12,0))) | T47: =VLOOKUP(C47,'SU LIST'!A:E,5,0) -> 3PM Menz and Gasser SPA
A48: ΣΑΛΤΣΕΣ | B48: 24790301 | C48: 14790302 | D48: KNORR ΣΑΛΤΣΑ ΜΑΔΕΡΑ 6Χ800ΓΡ | G48: =VLOOKUP(C48,SOP!C:F,4,0) | H48: =IF(VLOOKUP(C48,SOP!C:N,10,0)="","",(VLOOKUP(C48,SOP!C:N,10,0))) -> TBC | I48: =VLOOKUP(B48,SOP!$B$4:$M$148,12,0) -> 0 | J48: =IF(I48="","",I48/VLOOKUP(C48,SOP!C:G,5,0)) -> 0 | K48: =IF(VLOOKUP(C48,SOP!C:N,12,0)="","",(VLOOKUP(C48,SOP!C:N,12,0))) | T48: =VLOOKUP(C48,'SU LIST'!A:E,5,0) -> INTRAPACK
A49: ΒΟΗΘ. ΖΑΧΑΡΟΠΛΑΣΤΙΚΗΣ ΜΑΓΕΙΡΙΚΗΣ | B49: 64360280 | C49: 64360280 | D49: KNORR ROUX ΛΕΥΚΟ 6Χ1KG | E49: Top 10 | F49: new | G49: =VLOOKUP(C49,SOP!C:F,4,0) | H49: =IF(VLOOKUP(C49,SOP!C:N,10,0)="","",(VLOOKUP(C49,SOP!C:N,10,0))) -> TBC | I49: 108 | J49: =IF(I49="","",I49/VLOOKUP(C49,SOP!C:G,5,0)) -> 18 | K49: =IF(VLOOKUP(C49,SOP!C:N,12,0)="","",(VLOOKUP(C49,SOP!C:N,12,0))) -> working with stock transfer from Spain | T49: =VLOOKUP(C49,'SU LIST'!A:E,5,0) -> HEILBORN
A50: ΣΟΥΠΕΣ | B50: 18696502 | C50: 18696502 | D50: KNORR ΣΠΑΡΑΓΓΟΣΟΥΠΑ ΚΡΕΜΑ 6Χ900ΓΡ | G50: =VLOOKUP(C50,SOP!C:F,4,0) | H50: =IF(VLOOKUP(C50,SOP!C:N,10,0)="","",(VLOOKUP(C50,SOP!C:N,10,0))) -> TBC | I50: =VLOOKUP(B50,SOP!$B$4:$M$148,12,0) -> 0 | J50: =IF(I50="","",I50/VLOOKUP(C50,SOP!C:G,5,0)) -> 0 | K50: =IF(VLOOKUP(C50,SOP!C:N,12,0)="","",(VLOOKUP(C50,SOP!C:N,12,0))) | T50: =VLOOKUP(C50,'SU LIST'!A:E,5,0) -> PLOIESTI
A51: ΚΕΤΣΑΠ | B51: 67751029 | C51: 67751029 | D51: HLMNS ΣΑΛΤΣΑ ΜΠΑΡΜΠΕΚΙΟΥ 6Χ950ΓΡ | G51: =VLOOKUP(C51,SOP!C:F,4,0) | H51: =IF(VLOOKUP(C51,SOP!C:N,10,0)="","",(VLOOKUP(C51,SOP!C:N,10,0))) -> TBC | I51: =VLOOKUP(B51,SOP!$B$4:$M$148,12,0) -> 125 | J51: =IF(I51="","",I51/VLOOKUP(C51,SOP!C:G,5,0)) -> 62.5 | K51: =IF(VLOOKUP(C51,SOP!C:N,12,0)="","",(VLOOKUP(C51,SOP!C:N,12,0))) -> stock in transit | T51: =VLOOKUP(C51,'SU LIST'!A:E,5,0) -> 3PM MENDES GONCALVES
A52: CARTE DOR BUFFET | B52: 68222639 | C52: 68222639 | D52: CDO ΜΕΙΓΜΑ ΓΙΑ ΚΡΕΠΑ 6X2KG | G52: =VLOOKUP(C52,SOP!C:F,4,0) | H52: =IF(VLOOKUP(C52,SOP!C:N,10,0)="","",(VLOOKUP(C52,SOP!C:N,10,0))) -> TBC | I52: =VLOOKUP(B52,SOP!$B$4:$M$148,12,0) -> 0 | J52: =IF(I52="","",I52/VLOOKUP(C52,SOP!C:G,5,0)) -> 0 | K52: =IF(VLOOKUP(C52,SOP!C:N,12,0)="","",(VLOOKUP(C52,SOP!C:N,12,0))) | T52: =VLOOKUP(C52,'SU LIST'!A:E,5,0) -> KENFOODS
A53: ΥΓΡΕΣ ΣΑΛΤΣΕΣ | B53: 64313505 | C53: 64766001 | D53: KNORR ΣΑΛΤΣΑ ΚΑΡΡΥ 2 x 2,2 ΛΤ. | G53: =VLOOKUP(C53,SOP!C:F,4,0) | H53: =IF(VLOOKUP(C53,SOP!C:N,10,0)="","",(VLOOKUP(C53,SOP!C:N,10,0))) -> TBC | I53: =VLOOKUP(B53,SOP!$B$4:$M$148,12,0) -> 170 | J53: =IF(I53="","",I53/VLOOKUP(C53,SOP!C:G,5,0)) -> 170 | K53: =IF(VLOOKUP(C53,SOP!C:N,12,0)="","",(VLOOKUP(C53,SOP!C:N,12,0))) | T53: =VLOOKUP(C53,'SU LIST'!A:E,5,0) -> INTRAPACK
A54: ΣΙΡΟΠΙΑ | B54: 64345464 | C54: 64345464 | D54: CARTE D'OR ΣΙΡΟΠΙ ΣΟΚΟΛΑΤΑ 6Χ1L | G54: =VLOOKUP(C54,SOP!C:F,4,0) | H54: =IF(VLOOKUP(C54,SOP!C:N,10,0)="","",(VLOOKUP(C54,SOP!C:N,10,0))) -> TBC | I54: =VLOOKUP(B54,SOP!$B$4:$M$148,12,0) -> 300 | J54: =IF(I54="","",I54/VLOOKUP(C54,SOP!C:G,5,0)) -> 300 | K54: =IF(VLOOKUP(C54,SOP!C:N,12,0)="","",(VLOOKUP(C54,SOP!C:N,12,0))) -> delivered 18.09 | T54: =VLOOKUP(C54,'SU LIST'!A:E,5,0) -> WILHELM REUSS GMBH & CO. KG
A55: ΖΩΜΟΙ | B55: 10003604 | C55: 68731560 | D55: KNORR ΖΩΜΟΣ ΜΑΝΙΤΑΡΙ ΜΕ PORCINI 6X0,5 ΚΙΛ | G55: =VLOOKUP(C55,SOP!C:F,4,0) | H55: =IF(VLOOKUP(C55,SOP!C:N,10,0)="","",(VLOOKUP(C55,SOP!C:N,10,0))) -> TBC | I55: =VLOOKUP(B55,SOP!$B$4:$M$148,12,0) -> 0 | J55: =IF(I55="","",I55/VLOOKUP(C55,SOP!C:G,5,0)) -> 0 | K55: =IF(VLOOKUP(C55,SOP!C:N,12,0)="","",(VLOOKUP(C55,SOP!C:N,12,0))) | T55: =VLOOKUP(C55,'SU LIST'!A:E,5,0) -> PLOIESTI
A56: DRESSINGS | B56: 12886101 | C56: 12886101 | D56: HELLMANN'S ΒΙΝΕΓΚΡΕΤ ΜΕ ΕΣΠΕΡIΔΟΕΙΔΗ 6Χ1ΛΙΤ. | G56: =VLOOKUP(C56,SOP!C:F,4,0) -> OOS Risk | H56: =IF(VLOOKUP(C56,SOP!C:N,10,0)="","",(VLOOKUP(C56,SOP!C:N,10,0))) -> 46010 | I56: 1152 | J56: =IF(I56="","",I56/VLOOKUP(C56,SOP!C:G,5,0)) -> 31.135135 | K56: =IF(VLOOKUP(C56,SOP!C:N,12,0)="","",(VLOOKUP(C56,SOP!C:N,12,0))) -> loading 16.12 | T56: =VLOOKUP(C56,'SU LIST'!A:E,5,0) -> SU CHEVIGNY
A57: CARTE DOR BUFFET | B57: 67512406 | C57: 67512406 | D57: CDO ΚΕΙΚ ΜΕ ΓΕΥΣΗ ΚΑΚΑΟ 1X20KG | G57: =VLOOKUP(C57,SOP!C:F,4,0) | H57: =IF(VLOOKUP(C57,SOP!C:N,10,0)="","",(VLOOKUP(C57,SOP!C:N,10,0))) -> TBC | I57: =VLOOKUP(B57,SOP!$B$4:$M$148,12,0) -> 0 | J57: =IF(I57="","",I57/VLOOKUP(C57,SOP!C:G,5,0)) -> 0 | K57: =IF(VLOOKUP(C57,SOP!C:N,12,0)="","",(VLOOKUP(C57,SOP!C:N,12,0))) | T57: =VLOOKUP(C57,'SU LIST'!A:E,5,0) -> KENFOODS
A58: CARTE DOR BUFFET | B58: 67511967 | C58: 67511967 | D58: CDO CRÈME PATISSERRIE1X15KG | F58: new | G58: =VLOOKUP(C58,SOP!C:F,4,0) | H58: =IF(VLOOKUP(C58,SOP!C:N,10,0)="","",(VLOOKUP(C58,SOP!C:N,10,0))) -> 45971 | I58: =VLOOKUP(B58,SOP!$B$4:$M$148,12,0) -> 52 | J58: =IF(I58="","",I58/VLOOKUP(C58,SOP!C:G,5,0)) -> 52 | K58: =IF(VLOOKUP(C58,SOP!C:N,12,0)="","",(VLOOKUP(C58,SOP!C:N,12,0))) -> new order created 27.10. We should receive delivery within 2 weeks | T58: =VLOOKUP(C58,'SU LIST'!A:E,5,0) -> KENFOODS
A59: ΥΓΡΕΣ ΣΑΛΤΣΕΣ | B59: 64320650 | C59: 64320650 | D59: KNORR ΣΑΛΤΣΑ ΓΛΥΚΟΞΙΝΗ 2Χ2,2ΛΤ | G59: =VLOOKUP(C59,SOP!C:F,4,0) | H59: =IF(VLOOKUP(C59,SOP!C:N,10,0)="","",(VLOOKUP(C59,SOP!C:N,10,0))) -> TBC | I59: =VLOOKUP(B59,SOP!$B$4:$M$148,12,0) -> 0 | J59: =IF(I59="","",I59/VLOOKUP(C59,SOP!C:G,5,0)) -> 0 | K59: =IF(VLOOKUP(C59,SOP!C:N,12,0)="","",(VLOOKUP(C59,SOP!C:N,12,0))) | T59: =VLOOKUP(C59,'SU LIST'!A:E,5,0) -> ABWF
A60: ΣΟΥΠΕΣ | B60: 67950629 | C60: 69755942 | D60: KNORR ΣΟΥΠΑ MINEΣTΡONE 6X1.045kg | G60: =VLOOKUP(C60,SOP!C:F,4,0) | H60: =IF(VLOOKUP(C60,SOP!C:N,10,0)="","",(VLOOKUP(C60,SOP!C:N,10,0))) -> TBC | I60: =VLOOKUP(B60,SOP!$B$4:$M$148,12,0) -> 0 | J60: =IF(I60="","",I60/VLOOKUP(C60,SOP!C:G,5,0)) -> 0 | K60: =IF(VLOOKUP(C60,SOP!C:N,12,0)="","",(VLOOKUP(C60,SOP!C:N,12,0))) | T60: =VLOOKUP(C60,'SU LIST'!A:E,5,0) -> INTRAPACK
A61: DRESSINGS | B61: 12110202 | C61: 64764703 | D61: HLMNS ΣΑΛΤΣΑ ΚΟΚΤΕΙΛ 3Λ | F61: new | G61: =VLOOKUP(C61,SOP!C:F,4,0) | H61: =IF(VLOOKUP(C61,SOP!C:N,10,0)="","",(VLOOKUP(C61,SOP!C:N,10,0))) -> 45973 | I61: =VLOOKUP(B61,SOP!$B$4:$M$148,12,0) -> 1200 | J61: =IF(I61="","",I61/VLOOKUP(C61,SOP!C:G,5,0)) -> 29.268293 | K61: =IF(VLOOKUP(C61,SOP!C:N,12,0)="","",(VLOOKUP(C61,SOP!C:N,12,0))) -> Delivery is planned for wk 46 | T61: =VLOOKUP(C61,'SU LIST'!A:E,5,0) -> SU RENTIS
A62: DRESSINGS | B62: 67751002 | C62: 64845275 | D62: HLMNS ΑΝΑΠΛΗΡΩΜΑ ΜΟΥΣΤΑΡΔΑΣ 6X880ΓΡ | F62: new | G62: =VLOOKUP(C62,SOP!C:F,4,0) | H62: =IF(VLOOKUP(C62,SOP!C:N,10,0)="","",(VLOOKUP(C62,SOP!C:N,10,0))) -> TBC | I62: =VLOOKUP(B62,SOP!$B$4:$M$148,12,0) -> 0 | J62: =IF(I62="","",I62/VLOOKUP(C62,SOP!C:G,5,0)) -> 0 | K62: =IF(VLOOKUP(C62,SOP!C:N,12,0)="","",(VLOOKUP(C62,SOP!C:N,12,0))) | T62: =VLOOKUP(C62,'SU LIST'!A:E,5,0) -> 3PM MENDES GONCALVES
A63: ΖΩΜΟΙ | B63: 68770074 | C63: 68770074 | D63: KNORR ΖΩΜOΣ ΛΑΧΑΝΙΚΩΝ 6Χ1,5 ΚΙΛ | G63: =VLOOKUP(C63,SOP!C:F,4,0) | H63: =IF(VLOOKUP(C63,SOP!C:N,10,0)="","",(VLOOKUP(C63,SOP!C:N,10,0))) -> TBC | I63: =VLOOKUP(B63,SOP!$B$4:$M$148,12,0) -> 0 | J63: =IF(I63="","",I63/VLOOKUP(C63,SOP!C:G,5,0)) -> 0 | K63: =IF(VLOOKUP(C63,SOP!C:N,12,0)="","",(VLOOKUP(C63,SOP!C:N,12,0))) | T63: =VLOOKUP(C63,'SU LIST'!A:E,5,0) -> ST IRIA
A64: ΥΓΡΕΣ ΣΑΛΤΣΕΣ | B64: T20519 | C64: 68558207 | D64: KNORR ΣΑΛΤΣΑ ΑΓΓΛΙΚΗ WORCESTER 6X 1125 ΓΡ. | G64: =VLOOKUP(C64,SOP!C:F,4,0) | H64: =IF(VLOOKUP(C64,SOP!C:N,10,0)="","",(VLOOKUP(C64,SOP!C:N,10,0))) -> TBC | I64: =VLOOKUP(B64,SOP!$B$4:$M$148,12,0) -> 0 | J64: =IF(I64="","",I64/VLOOKUP(C64,SOP!C:G,5,0)) -> 0 | K64: =IF(VLOOKUP(C64,SOP!C:N,12,0)="","",(VLOOKUP(C64,SOP!C:N,12,0))) | T64: =VLOOKUP(C64,'SU LIST'!A:E,5,0) -> KALAS
A65: DRESSINGS | B65: 64324725 | C65: 64324725 | D65: HELLMANN'S ΝΤΡΕΣΙΝΓΚ 1000 ΝΗΣΙΑ 6x1Λ | G65: =VLOOKUP(C65,SOP!C:F,4,0) | H65: =IF(VLOOKUP(C65,SOP!C:N,10,0)="","",(VLOOKUP(C65,SOP!C:N,10,0))) -> TBC | I65: 500 | J65: =IF(I65="","",I65/VLOOKUP(C65,SOP!C:G,5,0)) -> 62.5 | K65: =IF(VLOOKUP(C65,SOP!C:N,12,0)="","",(VLOOKUP(C65,SOP!C:N,12,0))) | T65: =VLOOKUP(C65,'SU LIST'!A:E,5,0) -> SU CHEVIGNY
A66: ΖΩΜΟΙ | B66: 11336407 | C66: 68729734 | D66: KNORR ΖΩΜΟΣ ΣΑΦΡΑΝ 2Χ0,8 ΚΙΛ. | E66: Top 10 | G66: =VLOOKUP(C66,SOP!C:F,4,0) | H66: =IF(VLOOKUP(C66,SOP!C:N,10,0)="","",(VLOOKUP(C66,SOP!C:N,10,0))) -> TBC | I66: =VLOOKUP(B66,SOP!$B$4:$M$148,12,0) -> 0 | J66: =IF(I66="","",I66/VLOOKUP(C66,SOP!C:G,5,0)) -> 0 | K66: =IF(VLOOKUP(C66,SOP!C:N,12,0)="","",(VLOOKUP(C66,SOP!C:N,12,0))) | T66: =VLOOKUP(C66,'SU LIST'!A:E,5,0) -> ST IRIA
A67: ΖΩΜΟΙ | B67: 22011902 | C67: 68760225 | D67: KNORR ΖΩΜΟΣ ΛΑΧΑΝΙΚΩΝ 1Χ4Κ | G67: =VLOOKUP(C67,SOP!C:F,4,0) | H67: =IF(VLOOKUP(C67,SOP!C:N,10,0)="","",(VLOOKUP(C67,SOP!C:N,10,0))) -> TBC | I67: =VLOOKUP(B67,SOP!$B$4:$M$148,12,0) -> 0 | J67: =IF(I67="","",I67/VLOOKUP(C67,SOP!C:G,5,0)) -> 0 | K67: =IF(VLOOKUP(C67,SOP!C:N,12,0)="","",(VLOOKUP(C67,SOP!C:N,12,0))) | T67: =VLOOKUP(C67,'SU LIST'!A:E,5,0) -> ST IRIA
A68: ΖΩΜΟΙ | B68: 68764357 | C68: 68764357 | D68: KN ΖΩΜΟΣ ΒΟΔΙΝΟΥ 1x7 ΚΙΛ. | F68: new | G68: =VLOOKUP(C68,SOP!C:F,4,0) -> OOS Risk | H68: =IF(VLOOKUP(C68,SOP!C:N,10,0)="","",(VLOOKUP(C68,SOP!C:N,10,0))) -> TBC | I68: =VLOOKUP(B68,SOP!$B$4:$M$148,12,0) -> 0 | J68: =IF(I68="","",I68/VLOOKUP(C68,SOP!C:G,5,0)) -> 0 | K68: =IF(VLOOKUP(C68,SOP!C:N,12,0)="","",(VLOOKUP(C68,SOP!C:N,12,0))) -> no more deliveries/ delist after stock exhaustion (no replacement) | T68: =VLOOKUP(C68,'SU LIST'!A:E,5,0) -> ST IRIA
A69: CARTE DOR BUFFET | B69: 67830543 | C69: 67830543 | D69: CDO ΜΟΥΣ ΜΕ ΓΕΥΣΗ ΦΡΑΟΥΛΑΣ 1X5KG | G69: =VLOOKUP(C69,SOP!C:F,4,0) | H69: =IF(VLOOKUP(C69,SOP!C:N,10,0)="","",(VLOOKUP(C69,SOP!C:N,10,0))) -> TBC | I69: =VLOOKUP(B69,SOP!$B$4:$M$148,12,0) -> 55 | J69: =IF(I69="","",I69/VLOOKUP(C69,SOP!C:G,5,0)) -> 55 | K69: =IF(VLOOKUP(C69,SOP!C:N,12,0)="","",(VLOOKUP(C69,SOP!C:N,12,0))) | T69: =VLOOKUP(C69,'SU LIST'!A:E,5,0) -> KENFOODS
A70: SEASONINGS | B70: 19513602 | C70: 19513602 | D70: KNORR ΑΡΩΜΑΤ 6X500ΓΡ | G70: =VLOOKUP(C70,SOP!C:F,4,0) | H70: =IF(VLOOKUP(C70,SOP!C:N,10,0)="","",(VLOOKUP(C70,SOP!C:N,10,0))) -> TBC | I70: =VLOOKUP(B70,SOP!$B$4:$M$148,12,0) -> 0 | J70: =IF(I70="","",I70/VLOOKUP(C70,SOP!C:G,5,0)) -> 0 | K70: =IF(VLOOKUP(C70,SOP!C:N,12,0)="","",(VLOOKUP(C70,SOP!C:N,12,0))) | T70: =VLOOKUP(C70,'SU LIST'!A:E,5,0) -> ST IRIA
A71: ΚΕΤΣΑΠ | B71: 67682359 | C71: 67682359 | D71: HELLMANN'S ΜΕΡΙΔΕΣ ΚΕΤΣΑΠ 198x10ML | G71: =VLOOKUP(C71,SOP!C:F,4,0) | H71: =IF(VLOOKUP(C71,SOP!C:N,10,0)="","",(VLOOKUP(C71,SOP!C:N,10,0))) -> TBC | I71: =VLOOKUP(B71,SOP!$B$4:$M$148,12,0) -> 1344 | J71: =IF(I71="","",I71/VLOOKUP(C71,SOP!C:G,5,0)) -> 13.575758 | K71: =IF(VLOOKUP(C71,SOP!C:N,12,0)="","",(VLOOKUP(C71,SOP!C:N,12,0))) -> stock in transit | T71: =VLOOKUP(C71,'SU LIST'!A:E,5,0) -> SU POZNAN
A72: ΖΩΜΟΙ | B72: 39631001 | C72: 39631001 | D72: KNORR ΖΩΜΟΣ ΚΟΤΑΣ 6*1,2Κ | E72: Top 10 | G72: =VLOOKUP(C72,SOP!C:F,4,0) | H72: =IF(VLOOKUP(C72,SOP!C:N,10,0)="","",(VLOOKUP(C72,SOP!C:N,10,0))) -> TBC | I72: =VLOOKUP(B72,SOP!$B$4:$M$148,12,0) -> 0 | J72: =IF(I72="","",I72/VLOOKUP(C72,SOP!C:G,5,0)) -> 0 | K72: =IF(VLOOKUP(C72,SOP!C:N,12,0)="","",(VLOOKUP(C72,SOP!C:N,12,0))) | T72: =VLOOKUP(C72,'SU LIST'!A:E,5,0) -> ST IRIA
A73: ΣΑΛΤΣΕΣ | B73: 26695601 | C73: 16695603 | D73: KNORR ΣΑΛΤΣΑ 4 ΤΥΡΙΑ 6Χ775 ΓΡ | G73: =VLOOKUP(C73,SOP!C:F,4,0) | H73: =IF(VLOOKUP(C73,SOP!C:N,10,0)="","",(VLOOKUP(C73,SOP!C:N,10,0))) -> TBC | I73: =VLOOKUP(B73,SOP!$B$4:$M$148,12,0) -> 0 | J73: =IF(I73="","",I73/VLOOKUP(C73,SOP!C:G,5,0)) -> 0 | K73: =IF(VLOOKUP(C73,SOP!C:N,12,0)="","",(VLOOKUP(C73,SOP!C:N,12,0))) | T73: =VLOOKUP(C73,'SU LIST'!A:E,5,0) -> PLOIESTI
